('92679', 1)
('46761', 113)
('01590', 1)
('87508', 3)
('08103', 1)
('95482', 22)
('07058', 1)
('92337', 1)
('33605', 3)
('27893', 4)
('20814', 1)
('08069', 2)
('28792', 3)
('15666', 2)
('04101', 4)
('08831', 3)
('49677', 1)
('55317', 1)
('55427', 1)
('04074', 6)
('07073', 2)
('01952', 2)
('95361', 6)
('01832', 1)
('85648', 11)
('01773', 2)
('32962', 1)
('14802', 1)
('12516', 2)
('98520', 1)
('60440', 2)
('07011', 1)
('55987', 6)
('06611', 1)
('01746', 1)
('49331', 1)
('02150', 6)
('46158', 1)
('61744', 2)
('14150', 1)
('95536', 37)
('48167', 1)
('73007', 2)
('02149', 3)
('18509', 1)
('78540', 1)
('98226', 2)
('94577', 8)
('89820', 3)
('95322', 7)
('94574', 35)
('95938', 3)
('76155', 2)
('30336', 1)
('93215', 6)
('14744', 4)
('17535', 7)
('21620', 6)
('94558', 27)
('92026', 11)
('36079', 1)
('94104', 2)
('04856', 5)
('95453', 28)
('27252', 7)
('50322', 2)
('19348', 4)
('95945', 6)
('53518', 7)
('02857', 2)
('72757', 1)
('45202', 1)
('80239', 2)
('43055', 1)
('84041', 3)
('56302', 1)
('37725', 1)
('17082', 11)
('93021', 2)
('11206', 2)
('31408', 1)
('04011', 6)
('17046', 4)
('02301', 2)
('97015', 3)
('78577', 2)
('95240', 12)
('73010', 2)
('95380', 16)
('95315', 2)
('95324', 3)
('13322', 2)
('13140', 2)
('60510', 3)
('14060', 2)
('93618', 10)
('28613', 1)
('02360', 2)
('10990', 2)
('94952', 54)
('56315', 3)
('92082', 36)
('21629', 1)
('43061', 2)
('14735', 11)
('18106', 3)
('83424', 1)
('93023', 9)
('27574', 8)
('04937', 4)
('04578', 3)
('17604', 2)
('29839', 1)
('93654', 12)
('12992', 2)
('91352', 5)
('93313', 2)
('46543', 25)
('54449', 4)
('54724', 4)
('97071', 3)
('02748', 1)
('50010', 5)
('13697', 4)
('17509', 22)
('13339', 39)
('20772', 2)
('08540', 3)
('17566', 32)
('05819', 2)
('43442', 1)
('61068', 1)
('14055', 2)
('93905', 21)
('13357', 2)
('93723', 11)
('95695', 13)
('95827', 1)
('93901', 19)
('03042', 1)
('16820', 4)
('92223', 1)
('15312', 4)
('92225', 1)
('14724', 2)
('95669', 4)
('80136', 1)
('75115', 1)
('54660', 17)
('17751', 11)
('77055', 1)
('81146', 3)
('95020', 11)
('95012', 12)
('54655', 14)
('95112', 4)
('19154', 1)
('13485', 5)
('56319', 1)
('95476', 24)
('95448', 21)
('08204', 1)
('93960', 10)
('14433', 7)
('04730', 13)
('13810', 4)
('85625', 1)
('95472', 52)
('23927', 1)
('84047', 1)
('08901', 2)
('08512', 4)
('08816', 3)
('11957', 1)
('72126', 2)
('03885', 1)
('01770', 3)
('04849', 7)
('04416', 1)
('53586', 2)
('07008', 1)
('15642', 1)
('04260', 1)
('92101', 1)
('80550', 1)
('91752', 2)
('91733', 1)
('90063', 2)
('49120', 1)
('92014', 2)
('95616', 8)
('13361', 10)
('84309', 1)
('77836', 1)
('50273', 2)
('01375', 5)
('17841', 3)
('55321', 4)
('74403', 1)
('07080', 6)
('85248', 1)
('95901', 4)
('71101', 1)
('80303', 3)
('97520', 6)
('99516', 1)
('08723', 1)
('91803', 1)
('90630', 4)
('17244', 4)
('50073', 1)
('56062', 3)
('04572', 5)
('15558', 4)
('16875', 9)
('94954', 16)
('17404', 2)
('94608', 4)
('81136', 1)
('59468', 3)
('21757', 1)
('17094', 8)
('16255', 4)
('14065', 2)
('95615', 2)
('73662', 1)
('13862', 3)
('01035', 9)
('92236', 1)
('64149', 3)
('60642', 2)
('81505', 1)
('68467', 1)
('64653', 1)
('04864', 3)
('60526', 1)
('11729', 1)
('93622', 8)
('90272', 1)
('04472', 2)
('84003', 2)
('69337', 1)
('53520', 5)
('61016', 1)
('68901', 2)
('32824', 1)
('84105', 1)
('17823', 3)
('15946', 1)
('13303', 2)
('13491', 2)
('13662', 3)
('94901', 6)
('73072', 2)
('95241', 1)
('92081', 6)
('60123', 1)
('17264', 1)
('92121', 6)
('16926', 2)
('13459', 5)
('27209', 1)
('53523', 1)
('93625', 6)
('88101', 3)
('60803', 1)
('56285', 2)
('95926', 2)
('14418', 12)
('89429', 2)
('21742', 4)
('17225', 5)
('43545', 2)
('04354', 2)
('13083', 1)
('16933', 8)
('80525', 3)
('14846', 2)
('13033', 3)
('84335', 1)
('13865', 1)
('93927', 6)
('17316', 4)
('95415', 1)
('22079', 1)
('65263', 3)
('93630', 20)
('04330', 5)
('04945', 42)
('48838', 2)
('28394', 1)
('21795', 2)
('28273', 1)
('49625', 1)
('96080', 4)
('04220', 1)
('27344', 12)
('17022', 9)
('04758', 1)
('12809', 7)
('04476', 5)
('97402', 7)
('03884', 1)
('11717', 1)
('44103', 2)
('95991', 9)
('47401', 2)
('30213', 1)
('94503', 2)
('91748', 2)
('32209', 1)
('15801', 1)
('75236', 2)
('22841', 3)
('69361', 1)
('93305', 1)
('60007', 7)
('84561', 1)
('13682', 2)
('72738', 1)
('93015', 6)
('85233', 1)
('33444', 1)
('93456', 6)
('80026', 3)
('21678', 1)
('17267', 1)
('14726', 1)
('13411', 8)
('93401', 5)
('53590', 4)
('56540', 3)
('93636', 3)
('49455', 2)
('92154', 8)
('46540', 38)
('67871', 8)
('17545', 13)
('95046', 4)
('04294', 2)
('95060', 20)
('91342', 1)
('12053', 1)
('31622', 2)
('93620', 4)
('44681', 23)
('49228', 1)
('17820', 1)
('51537', 3)
('13739', 3)
('50466', 11)
('13654', 3)
('04222', 3)
('12043', 11)
('16901', 1)
('14623', 2)
('95330', 2)
('19507', 5)
('17502', 3)
('64097', 1)
('16930', 3)
('16407', 1)
('92129', 1)
('95949', 3)
('54001', 3)
('13111', 4)
('17562', 11)
('13642', 19)
('95062', 4)
('58281', 1)
('93446', 28)
('45050', 1)
('08360', 5)
('13617', 7)
('84535', 14)
('65025', 2)
('77661', 2)
('52572', 3)
('93221', 3)
('04785', 2)
('17557', 11)
('81212', 1)
('97031', 5)
('14052', 3)
('93906', 10)
('50641', 37)
('80241', 1)
('17601', 8)
('04941', 9)
('69143', 1)
('17536', 19)
('17578', 4)
('17060', 1)
('46743', 2)
('04634', 6)
('93440', 2)
('97351', 1)
('92399', 2)
('16156', 1)
('93436', 6)
('14747', 4)
('91604', 2)
('97603', 13)
('48418', 2)
('50472', 2)
('17572', 16)
('14450', 1)
('18045', 1)
('56265', 3)
('94502', 3)
('11747', 1)
('04847', 3)
('92660', 2)
('17073', 10)
('94587', 6)
('89423', 1)
('95834', 1)
('80723', 2)
('13501', 1)
('93430', 4)
('27021', 1)
('21053', 3)
('17845', 4)
('04921', 4)
('46241', 1)
('18629', 1)
('93647', 1)
('97232', 2)
('07712', 3)
('60169', 1)
('13250', 1)
('95446', 1)
('73717', 1)
('18436', 1)
('44256', 3)
('12930', 2)
('84042', 4)
('23805', 1)
('27527', 1)
('20601', 1)
('85365', 19)
('96015', 2)
('94597', 1)
('13796', 2)
('95959', 11)
('56449', 2)
('49683', 1)
('20132', 3)
('31510', 4)
('12834', 2)
('16001', 1)
('05055', 1)
('29440', 3)
('81413', 2)
('27292', 2)
('13788', 2)
('55921', 4)
('06877', 1)
('73461', 1)
('90249', 2)
('80751', 3)
('27320', 5)
('07074', 1)
('23434', 1)
('19465', 1)
('26755', 1)
('93230', 6)
('43512', 2)
('93250', 5)
('52247', 97)
('89020', 3)
('66061', 4)
('44859', 3)
('45846', 4)
('06371', 1)
('90638', 2)
('91706', 2)
('10022', 1)
('04988', 10)
('08867', 3)
('06070', 3)
('95503', 9)
('20250', 1)
('48906', 2)
('89508', 1)
('18708', 1)
('89048', 1)
('92243', 5)
('54022', 7)
('50644', 5)
('17747', 15)
('07821', 1)
('74056', 1)
('93101', 3)
('95449', 10)
('16935', 3)
('24502', 1)
('13839', 1)
('21784', 1)
('04965', 4)
('92061', 9)
('21075', 2)
('49013', 2)
('04438', 2)
('01452', 2)
('80504', 3)
('55306', 1)
('30340', 4)
('12827', 3)
('43332', 3)
('28203', 1)
('13844', 2)
('18853', 4)
('01923', 2)
('12561', 1)
('85621', 10)
('44618', 18)
('97032', 2)
('92260', 3)
('12966', 6)
('24540', 3)
('17821', 5)
('08817', 4)
('13452', 3)
('95658', 4)
('94080', 6)
('95403', 5)
('94401', 2)
('44137', 1)
('80011', 5)
('17228', 2)
('79329', 1)
('95422', 1)
('29550', 1)
('04736', 7)
('55979', 14)
('92336', 1)
('56545', 1)
('08558', 3)
('93609', 4)
('56757', 1)
('17582', 2)
('92028', 36)
('55353', 3)
('55021', 3)
('56320', 4)
('65663', 25)
('95667', 5)
('17331', 4)
('24558', 2)
('93241', 3)
('94124', 4)
('17872', 2)
('68333', 1)
('01210', 1)
('02921', 1)
('06260', 2)
('18707', 1)
('04966', 4)
('12810', 1)
('94571', 2)
('81101', 6)
('02865', 1)
('19153', 1)
('02717', 1)
('40014', 3)
('29574', 4)
('29512', 1)
('97114', 4)
('91750', 1)
('92651', 1)
('48220', 1)
('54758', 12)
('27330', 10)
('15501', 6)
('58237', 1)
('19446', 3)
('46221', 1)
('07036', 3)
('92283', 2)
('80103', 4)
('27208', 3)
('60515', 1)
('92126', 2)
('96778', 2)
('65301', 9)
('95465', 3)
('14519', 2)
('61570', 1)
('94530', 1)
('62704', 4)
('28458', 5)
('17040', 2)
('90640', 1)
('56220', 2)
('17889', 3)
('04640', 1)
('49241', 5)
('11222', 2)
('94083', 1)
('81144', 10)
('14897', 1)
('92004', 2)
('82054', 13)
('93908', 26)
('04910', 7)
('06441', 1)
('93105', 1)
('92027', 5)
('54619', 60)
('29135', 1)
('56524', 1)
('89412', 4)
('89523', 1)
('54664', 10)
('56464', 2)
('61523', 1)
('85382', 1)
('12154', 2)
('23834', 1)
('92064', 1)
('91406', 2)
('07004', 4)
('03833', 4)
('92084', 4)
('53955', 1)
('14850', 10)
('13661', 2)
('43554', 1)
('13748', 1)
('58012', 3)
('04938', 8)
('90703', 2)
('80652', 3)
('48393', 1)
('20009', 3)
('13801', 1)
('56267', 4)
('65275', 2)
('55008', 5)
('13315', 2)
('13825', 2)
('61361', 2)
('14860', 5)
('13152', 3)
('43537', 1)
('60060', 2)
('11235', 2)
('83202', 1)
('97231', 1)
('56345', 4)
('56515', 2)
('13355', 3)
('93612', 2)
('48066', 1)
('12155', 4)
('97838', 9)
('13681', 5)
('10918', 2)
('21152', 1)
('49725', 1)
('49774', 2)
('55106', 3)
('04496', 3)
('16936', 4)
('95461', 3)
('01463', 1)
('04973', 1)
('10530', 1)
('02769', 2)
('97914', 2)
('60083', 1)
('27316', 4)
('93460', 7)
('97116', 4)
('49663', 4)
('07716', 2)
('17540', 8)
('10962', 1)
('90813', 1)
('53805', 10)
('60030', 4)
('55051', 5)
('13843', 5)
('95441', 4)
('68428', 2)
('36089', 2)
('80302', 2)
('72101', 3)
('56440', 6)
('15086', 1)
('92833', 2)
('95648', 5)
('12832', 2)
('13811', 1)
('32724', 1)
('56750', 1)
('76653', 1)
('44062', 15)
('93433', 1)
('93445', 1)
('17325', 5)
('04259', 3)
('59840', 2)
('50441', 4)
('20837', 2)
('62263', 1)
('56229', 2)
('93727', 4)
('83672', 1)
('81403', 2)
('61911', 9)
('03301', 1)
('72173', 1)
('84631', 1)
('1239', 1)
('27886', 2)
('16828', 3)
('81621', 2)
('04352', 3)
('02186', 1)
('06776', 1)
('12572', 1)
('84314', 1)
('01741', 2)
('17045', 2)
('06076', 2)
('93001', 1)
('16932', 1)
('07461', 3)
('48626', 2)
('65011', 4)
('78748', 1)
('92860', 2)
('86322', 2)
('89511', 1)
('13634', 1)
('55974', 5)
('21657', 1)
('95242', 2)
('17576', 1)
('01346', 1)
('95376', 2)
('18434', 1)
('56164', 4)
('92020', 2)
('12526', 1)
('95320', 5)
('77665', 7)
('53208', 2)
('95691', 6)
('84404', 3)
('81082', 1)
('84651', 1)
('94551', 2)
('45317', 1)
('97128', 8)
('13856', 1)
('15552', 12)
('55744', 1)
('73460', 2)
('27317', 3)
('56438', 5)
('04671', 1)
('14468', 1)
('24060', 2)
('93267', 2)
('32640', 4)
('93427', 3)
('85396', 1)
('95131', 1)
('93455', 7)
('04765', 1)
('12151', 1)
('55037', 1)
('55413', 7)
('23227', 1)
('93280', 1)
('04107', 1)
('17047', 5)
('52172', 12)
('55806', 1)
('95627', 9)
('80624', 1)
('76446', 1)
('36105', 1)
('97222', 1)
('12468', 1)
('12529', 2)
('92504', 4)
('12916', 5)
('14544', 8)
('79901', 1)
('92054', 1)
('85085', 1)
('56716', 4)
('12546', 3)
('93206', 3)
('89119', 2)
('73045', 1)
('43019', 22)
('72631', 1)
('77070', 1)
('95982', 2)
('48883', 2)
('54670', 46)
('13320', 4)
('02121', 2)
('95206', 1)
('95215', 6)
('96002', 1)
('96021', 6)
('17324', 3)
('97230', 2)
('97055', 1)
('59937', 5)
('95551', 5)
('73538', 1)
('14513', 2)
('97701', 2)
('45697', 1)
('92057', 2)
('14737', 1)
('02645', 1)
('07007', 1)
('60033', 1)
('07726', 1)
('41076', 1)
('03909', 1)
('97355', 3)
('07885', 1)
('11201', 1)
('07642', 1)
('01243', 1)
('12534', 8)
('02842', 2)
('17563', 11)
('19713', 2)
('32778', 1)
('95650', 1)
('04691', 3)
('06117', 1)
('21776', 1)
('92590', 18)
('80828', 1)
('18224', 1)
('06825', 1)
('40299', 3)
('83704', 1)
('17810', 10)
('31407', 1)
('75051', 2)
('43340', 8)
('97007', 1)
('87031', 3)
('53207', 1)
('68862', 5)
('33853', 1)
('36303', 1)
('28557', 3)
('93301', 2)
('23487', 1)
('69162', 3)
('68025', 3)
('72455', 3)
('55350', 6)
('75019', 2)
('04353', 3)
('64461', 2)
('50833', 3)
('04686', 1)
('90254', 1)
('01748', 1)
('56368', 1)
('61471', 1)
('17087', 4)
('27360', 1)
('20847', 1)
('55387', 1)
('04843', 1)
('13656', 8)
('93286', 2)
('43056', 1)
('27409', 2)
('65243', 30)
('66021', 1)
('28001', 2)
('55952', 5)
('04083', 2)
('12550', 1)
('04553', 4)
('06608', 3)
('67761', 1)
('12166', 5)
('85225', 2)
('60435', 2)
('21114', 1)
('84115', 2)
('14801', 7)
('21102', 1)
('21710', 3)
('95501', 5)
('11901', 3)
('21031', 1)
('07103', 1)
('13425', 8)
('54631', 7)
('29455', 1)
('74601', 1)
('90745', 2)
('12967', 8)
('72401', 1)
('11735', 3)
('78569', 2)
('13612', 1)
('29180', 1)
('54638', 19)
('82324', 1)
('97202', 2)
('95694', 24)
('91935', 2)
('53533', 8)
('87510', 2)
('04652', 1)
('98942', 1)
('60942', 2)
('90040', 6)
('80480', 1)
('89509', 1)
('12074', 1)
('49068', 1)
('59531', 3)
('55024', 3)
('83687', 2)
('28112', 2)
('03824', 4)
('14855', 9)
('48146', 1)
('90631', 2)
('42240', 3)
('56256', 5)
('55044', 3)
('20794', 4)
('93402', 3)
('04955', 4)
('97030', 1)
('06810', 2)
('02535', 1)
('94599', 2)
('19006', 1)
('28385', 1)
('17084', 3)
('59923', 1)
('94956', 3)
('74342', 1)
('68739', 8)
('19401', 1)
('12167', 2)
('46748', 1)
('81067', 1)
('50854', 6)
('13790', 1)
('13053', 2)
('89444', 3)
('40601', 4)
('23234', 1)
('53718', 3)
('13475', 1)
('85009', 1)
('21224', 2)
('91786', 1)
('11952', 2)
('77389', 1)
('82520', 1)
('27312', 6)
('14572', 2)
('16434', 1)
('94541', 2)
('17063', 4)
('90405', 1)
('22485', 1)
('95932', 7)
('14070', 1)
('14522', 2)
('54656', 8)
('31323', 1)
('96756', 1)
('94940', 3)
('43402', 1)
('49783', 1)
('84120', 3)
('14472', 1)
('95987', 6)
('02568', 3)
('17201', 3)
('20018', 2)
('17812', 2)
('94583', 2)
('73038', 1)
('56284', 1)
('63048', 1)
('27501', 1)
('28447', 3)
('59427', 2)
('93210', 3)
('95428', 2)
('72031', 2)
('08343', 2)
('48467', 3)
('50423', 3)
('80642', 2)
('63670', 2)
('27326', 2)
('02790', 5)
('02025', 1)
('52042', 18)
('56556', 3)
('31643', 2)
('93740', 1)
('47711', 1)
('93638', 3)
('12910', 2)
('87042', 1)
('01340', 2)
('14886', 8)
('11249', 2)
('97370', 5)
('94704', 1)
('45373', 3)
('21550', 8)
('43516', 3)
('43616', 1)
('95354', 5)
('87107', 5)
('79331', 16)
('03431', 3)
('96027', 2)
('19522', 3)
('60124', 1)
('06902', 1)
('65590', 1)
('19539', 1)
('37128', 1)
('97632', 6)
('97623', 5)
('87401', 1)
('60185', 4)
('28326', 4)
('52057', 2)
('56085', 1)
('17505', 12)
('95821', 1)
('59833', 1)
('93646', 2)
('12838', 1)
('18854', 1)
('14103', 6)
('56726', 1)
('49032', 4)
('04932', 2)
('15311', 1)
('04530', 1)
('95340', 2)
('19440', 1)
('85193', 1)
('74028', 1)
('63106', 1)
('92653', 1)
('68331', 2)
('05851', 1)
('13637', 6)
('80644', 2)
('90023', 2)
('86301', 1)
('17813', 2)
('80741', 1)
('95966', 3)
('05459', 1)
('56178', 2)
('89430', 1)
('81303', 1)
('05829', 3)
('92601', 1)
('97741', 2)
('55102', 1)
('60174', 2)
('87041', 1)
('14559', 1)
('63628', 1)
('19134', 1)
('67501', 2)
('91301', 1)
('38668', 1)
('54622', 5)
('94513', 3)
('92507', 4)
('14561', 7)
('17061', 10)
('64479', 8)
('80487', 1)
('92113', 1)
('17049', 7)
('94534', 4)
('17320', 1)
('92821', 1)
('56474', 2)
('51343', 1)
('95961', 1)
('15542', 3)
('54871', 2)
('31560', 1)
('04735', 2)
('56072', 4)
('04658', 1)
('95203', 3)
('98596', 1)
('06118', 1)
('19555', 2)
('22747', 1)
('29414', 3)
('43844', 2)
('13166', 2)
('79415', 1)
('21654', 1)
('92530', 1)
('85643', 1)
('20910', 1)
('50036', 2)
('12157', 2)
('14034', 1)
('55031', 1)
('80229', 2)
('93924', 3)
('54448', 4)
('97103', 1)
('06249', 1)
('64489', 14)
('77560', 2)
('93420', 1)
('01244', 1)
('95816', 1)
('60160', 1)
('94610', 2)
('96133', 1)
('04282', 4)
('90274', 1)
('43214', 1)
('23421', 1)
('53818', 12)
('50438', 1)
('53556', 2)
('93405', 2)
('06360', 1)
('04239', 2)
('31601', 1)
('62324', 4)
('89128', 2)
('45123', 9)
('74010', 2)
('72460', 5)
('92591', 3)
('27233', 2)
('18930', 1)
('19022', 1)
('08110', 3)
('15670', 1)
('13418', 1)
('12076', 1)
('84382', 1)
('85645', 1)
('14057', 1)
('20851', 1)
('19311', 3)
('04092', 1)
('10533', 1)
('07734', 1)
('01581', 1)
('17257', 7)
('98501', 2)
('05473', 1)
('44035', 1)
('08876', 1)
('02720', 2)
('85211', 1)
('95864', 1)
('31405', 1)
('69145', 7)
('97123', 2)
('06516', 1)
('51101', 1)
('28337', 1)
('21230', 2)
('14772', 1)
('60481', 2)
('95693', 2)
('52318', 3)
('52345', 1)
('56374', 3)
('08048', 1)
('93722', 3)
('49418', 1)
('65807', 1)
('68647', 1)
('95065', 3)
('13464', 1)
('93304', 2)
('94544', 3)
('89102', 1)
('56097', 4)
('95230', 2)
('97321', 1)
('64648', 25)
('54013', 2)
('55389', 1)
('14889', 1)
('13045', 3)
('57252', 5)
('14432', 2)
('04037', 3)
('03263', 1)
('13131', 1)
('94133', 1)
('16929', 1)
('92834', 2)
('76801', 1)
('59538', 10)
('04210', 1)
('60936', 1)
('73111', 1)
('56142', 1)
('14062', 3)
('17028', 2)
('01301', 5)
('31069', 1)
('19963', 1)
('21643', 1)
('13084', 1)
('19320', 1)
('24918', 1)
('53120', 4)
('18848', 1)
('56128', 2)
('75228', 1)
('55943', 3)
('12054', 1)
('04551', 1)
('22434', 1)
('14813', 1)
('56042', 3)
('95494', 2)
('91906', 3)
('17702', 5)
('03269', 1)
('61938', 1)
('01453', 1)
('02021', 3)
('72758', 1)
('55923', 2)
('49028', 2)
('80549', 3)
('19352', 1)
('56044', 2)
('56093', 5)
('30096', 2)
('64701', 1)
('81526', 6)
('44833', 1)
('44880', 3)
('14502', 1)
('67578', 1)
('92545', 1)
('49684', 5)
('06783', 1)
('04930', 3)
('03221', 1)
('73105', 2)
('94010', 3)
('79342', 2)
('12428', 1)
('04734', 1)
('80211', 1)
('66006', 2)
('92596', 1)
('93308', 3)
('07306', 1)
('94021', 1)
('13456', 1)
('56225', 1)
('89003', 1)
('80503', 7)
('13659', 2)
('93066', 5)
('90577', 1)
('11758', 1)
('83705', 1)
('13431', 3)
('12522', 2)
('02871', 2)
('17771', 1)
('55991', 4)
('48150', 4)
('11743', 1)
('97217', 2)
('68107', 2)
('21655', 2)
('59535', 1)
('31513', 6)
('13340', 3)
('84401', 2)
('02649', 1)
('28365', 4)
('58233', 1)
('43804', 13)
('92592', 11)
('06830', 1)
('06512', 2)
('17078', 2)
('49001', 1)
('60504', 2)
('49505', 1)
('59804', 2)
('08873', 2)
('47725', 1)
('39827', 2)
('56058', 3)
('06457', 2)
('28441', 1)
('97352', 1)
('95688', 7)
('03861', 1)
('13450', 1)
('16232', 2)
('4', 1)
('12180', 1)
('53704', 4)
('91360', 1)
('43617', 1)
('54747', 3)
('22520', 1)
('13624', 2)
('13736', 3)
('59864', 4)
('45772', 1)
('84032', 1)
('65802', 1)
('48453', 16)
('43064', 11)
('04958', 1)
('98248', 2)
('31771', 1)
('80615', 2)
('58487', 15)
('97455', 1)
('14059', 1)
('49431', 3)
('87715', 1)
('05661', 2)
('01238', 1)
('49060', 2)
('58467', 5)
('13669', 3)
('34219', 1)
('57381', 1)
('13367', 7)
('07606', 1)
('48475', 7)
('13215', 1)
('32350', 2)
('08820', 1)
('41017', 1)
('04292', 1)
('01451', 1)
('11548', 1)
('60613', 2)
('91911', 1)
('13809', 1)
('05464', 5)
('56362', 6)
('66616', 1)
('38109', 1)
('28138', 1)
('08530', 1)
('08848', 1)
('13402', 1)
('04773', 1)
('13329', 2)
('74637', 3)
('03908', 1)
('01921', 1)
('94306', 1)
('94510', 1)
('17362', 1)
('47393', 18)
('85333', 2)
('01027', 1)
('89503', 1)
('12935', 2)
('14718', 1)
('14138', 1)
('14782', 1)
('92227', 8)
('94939', 1)
('89434', 3)
('56431', 3)
('12057', 1)
('05658', 1)
('94930', 1)
('28704', 1)
('07013', 1)
('12193', 1)
('06250', 1)
('94612', 2)
('02532', 1)
('16441', 1)
('68148', 1)
('17307', 2)
('56581', 1)
('10509', 1)
('97204', 2)
('54479', 7)
('28214', 1)
('92505', 1)
('92703', 1)
('80610', 1)
('33563', 1)
('13667', 2)
('97013', 1)
('30071', 1)
('21787', 1)
('95677', 1)
('93291', 4)
('15221', 1)
('54494', 5)
('56567', 9)
('08844', 3)
('06518', 1)
('06708', 1)
('56252', 2)
('61065', 1)
('14757', 3)
('27932', 3)
('53562', 2)
('27560', 1)
('11967', 2)
('72058', 1)
('98134', 2)
('63147', 2)
('43450', 1)
('45875', 3)
('92078', 2)
('01005', 1)
('95473', 3)
('64085', 1)
('56646', 1)
('30671', 1)
('49038', 3)
('55992', 4)
('54457', 2)
('18252', 1)
('95386', 5)
('93656', 6)
('95307', 2)
('95317', 2)
('95645', 3)
('95558', 2)
('53546', 5)
('56069', 1)
('53016', 2)
('56013', 1)
('54943', 4)
('53095', 4)
('27521', 2)
('01339', 3)
('01037', 1)
('67135', 1)
('49631', 1)
('45371', 2)
('55811', 1)
('28139', 1)
('04450', 1)
('45828', 2)
('11958', 1)
('85139', 1)
('55053', 1)
('04364', 1)
('53517', 3)
('87015', 1)
('92075', 1)
('13313', 1)
('04607', 3)
('18080', 1)
('48746', 8)
('57040', 1)
('25428', 1)
('20781', 1)
('90301', 1)
('73446', 2)
('16224', 1)
('72949', 3)
('17024', 3)
('13035', 5)
('52053', 2)
('18845', 2)
('90011', 1)
('48371', 1)
('30233', 1)
('14874', 1)
('95459', 2)
('68748', 1)
('45120', 1)
('57271', 1)
('17827', 1)
('13640', 1)
('01833', 1)
('01937', 1)
('90720', 1)
('95618', 3)
('01742', 3)
('95528', 2)
('01060', 3)
('14086', 1)
('73165', 1)
('01223', 2)
('19362', 8)
('26807', 1)
('33634', 2)
('13679', 1)
('95617', 1)
('03576', 3)
('48897', 1)
('07450', 1)
('06880', 2)
('60151', 2)
('85224', 1)
('06247', 1)
('94536', 1)
('05495', 1)
('14551', 2)
('48850', 2)
('16928', 2)
('57234', 1)
('96114', 2)
('83455', 3)
('21613', 3)
('70433', 1)
('14878', 4)
('04001', 1)
('88021', 5)
('68620', 2)
('28119', 1)
('74436', 1)
('78218', 3)
('44505', 1)
('21632', 1)
('67861', 9)
('44627', 35)
('50220', 1)
('04901', 2)
('14094', 3)
('21801', 1)
('05875', 1)
('11565', 1)
('87109', 1)
('98390', 1)
('57276', 4)
('27541', 6)
('84322', 1)
('56316', 4)
('18472', 1)
('65713', 2)
('06051', 1)
('33014', 2)
('13090', 1)
('13408', 7)
('58011', 1)
('27526', 1)
('13780', 2)
('14487', 1)
('92886', 1)
('59718', 3)
('80002', 2)
('95947', 1)
('74743', 4)
('93720', 1)
('95624', 1)
('73730', 1)
('01364', 2)
('06074', 1)
('14624', 1)
('89510', 2)
('43420', 1)
('18064', 2)
('08332', 1)
('60641', 1)
('70444', 1)
('08750', 1)
('94508', 2)
('02026', 1)
('50459', 8)
('95010', 1)
('18840', 1)
('27278', 3)
('27516', 1)
('98104', 1)
('12861', 1)
('00820', 1)
('08094', 2)
('04219', 1)
('48461', 4)
('37079', 1)
('13409', 3)
('27231', 3)
('95726', 2)
('54751', 11)
('55009', 2)
('56011', 3)
('60008', 1)
('19547', 2)
('95687', 2)
('04971', 3)
('79360', 22)
('94920', 1)
('17830', 3)
('14113', 1)
('93111', 1)
('07030', 2)
('13073', 5)
('14723', 1)
('59456', 1)
('81149', 1)
('49548', 1)
('05859', 1)
('74364', 2)
('15717', 1)
('14536', 1)
('53024', 1)
('95612', 2)
('43773', 6)
('31636', 1)
('33483', 1)
('89108', 1)
('95913', 2)
('07026', 1)
('18337', 1)
('99320', 1)
('56518', 2)
('15522', 2)
('56037', 2)
('65618', 1)
('05845', 1)
('33407', 1)
('49451', 1)
('97210', 1)
('74054', 1)
('04412', 1)
('63102', 2)
('45015', 1)
('54652', 13)
('53711', 2)
('17007', 1)
('43310', 7)
('36375', 1)
('27284', 1)
('90022', 1)
('95409', 3)
('90201', 2)
('98108', 2)
('55112', 2)
('85283', 2)
('98424', 1)
('21804', 1)
('21755', 1)
('84081', 2)
('13757', 1)
('04022', 1)
('72704', 1)
('15425', 1)
('17756', 2)
('04469', 1)
('29303', 1)
('81624', 1)
('93036', 1)
('12784', 1)
('68789', 1)
('43140', 4)
('27311', 1)
('93514', 2)
('44820', 2)
('59865', 4)
('02891', 3)
('93060', 4)
('58081', 1)
('11378', 1)
('70115', 2)
('92108', 1)
('56237', 2)
('14560', 2)
('01915', 1)
('74647', 1)
('52404', 5)
('11530', 1)
('53585', 1)
('50522', 3)
('17569', 1)
('89120', 1)
('92274', 9)
('57103', 1)
('10550', 2)
('11590', 3)
('03467', 1)
('71261', 2)
('67070', 1)
('75247', 1)
('18934', 1)
('21779', 1)
('80631', 2)
('48878', 6)
('68450', 1)
('28698', 1)
('45845', 2)
('59466', 1)
('16138', 1)
('78757', 1)
('64850', 1)
('47150', 1)
('74401', 1)
('13077', 1)
('18701', 1)
('11749', 2)
('55303', 1)
('58440', 1)
('81425', 2)
('27263', 3)
('02879', 2)
('74370', 1)
('07002', 1)
('75069', 1)
('02885', 1)
('44030', 2)
('80221', 2)
('80742', 1)
('54650', 3)
('84337', 5)
('94706', 1)
('48849', 6)
('46767', 19)
('46502', 1)
('17233', 1)
('43078', 3)
('55335', 2)
('80654', 3)
('06612', 1)
('01032', 1)
('06451', 2)
('60527', 1)
('94560', 1)
('80501', 1)
('90620', 1)
('55041', 2)
('60950', 1)
('53566', 8)
('95035', 3)
('95831', 1)
('19938', 1)
('54139', 2)
('22821', 12)
('95970', 1)
('27213', 1)
('13114', 1)
('85251', 1)
('51551', 1)
('78217', 1)
('12446', 1)
('31550', 1)
('99344', 1)
('53527', 2)
('94028', 2)
('69131', 3)
('08311', 1)
('72933', 1)
('07840', 3)
('97333', 2)
('07731', 2)
('11212', 1)
('13327', 2)
('89113', 1)
('01033', 1)
('13648', 2)
('12816', 1)
('18469', 1)
('01473', 1)
('95920', 2)
('21078', 1)
('63801', 1)
('72921', 1)
('32822', 1)
('32904', 1)
('55414', 3)
('43347', 4)
('78238', 1)
('66524', 1)
('80033', 1)
('34205', 1)
('37027', 1)
('43316', 3)
('25405', 1)
('14810', 4)
('12122', 1)
('64738', 1)
('48701', 1)
('48759', 4)
('08079', 1)
('18969', 2)
('03275', 1)
('48741', 1)
('33166', 1)
('56308', 3)
('68378', 1)
('97203', 1)
('56009', 1)
('70005', 1)
('92841', 1)
('94547', 1)
('96035', 1)
('01378', 1)
('82414', 1)
('46044', 1)
('69133', 1)
('89835', 1)
('72142', 1)
('27869', 1)
('47342', 1)
('65354', 1)
('01519', 1)
('84720', 1)
('05401', 3)
('08807', 1)
('55104', 2)
('96740', 1)
('04950', 1)
('93737', 1)
('14815', 2)
('72150', 1)
('43843', 5)
('29640', 1)
('60455', 1)
('17268', 1)
('97818', 1)
('55373', 1)
('13343', 1)
('01951', 1)
('14770', 2)
('33010', 1)
('55049', 1)
('69130', 4)
('93314', 1)
('48818', 1)
('17052', 1)
('84107', 1)
('92036', 2)
('33122', 7)
('21837', 1)
('77707', 1)
('68955', 2)
('02108', 1)
('08802', 1)
('94111', 1)
('19355', 2)
('87102', 2)
('78665', 1)
('91016', 2)
('14482', 1)
('31780', 1)
('13126', 1)
('78572', 3)
('34956', 1)
('14777', 1)
('13354', 8)
('97844', 1)
('56535', 1)
('06359', 1)
('27214', 4)
('95632', 2)
('95105', 1)
('68665', 2)
('67010', 1)
('92111', 1)
('02633', 1)
('03883', 2)
('48115', 1)
('22567', 1)
('13605', 1)
('95829', 2)
('07304', 1)
('78721', 2)
('16943', 1)
('20854', 1)
('04224', 1)
('92021', 1)
('06455', 1)
('01331', 1)
('91343', 1)
('16373', 1)
('06514', 1)
('67731', 2)
('36786', 1)
('21733', 1)
('29325', 1)
('49645', 2)
('68729', 2)
('12449', 1)
('18704', 1)
('18951', 1)
('56219', 1)
('44677', 3)
('95678', 1)
('95439', 1)
('98611', 1)
('60619', 1)
('56667', 1)
('45701', 3)
('13416', 1)
('12533', 1)
('28803', 1)
('07055', 1)
('84010', 1)
('59401', 2)
('27591', 2)
('20723', 1)
('21223', 1)
('43219', 2)
('59330', 1)
('89557', 1)
('74555', 1)
('97478', 1)
('82070', 2)
('47909', 2)
('97423', 1)
('95811', 2)
('28806', 1)
('92673', 1)
('89117', 1)
('46253', 1)
('77051', 1)
('05143', 1)
('95212', 1)
('54499', 2)
('84062', 1)
('10963', 1)
('06259', 1)
('85281', 1)
('54407', 2)
('91103', 1)
('30180', 2)
('97448', 1)
('86314', 1)
('95388', 4)
('06018', 1)
('19904', 1)
('43314', 1)
('03290', 1)
('53534', 1)
('97502', 2)
('43102', 1)
('80640', 2)
('16049', 4)
('07727', 1)
('18944', 1)
('62521', 1)
('01844', 1)
('14101', 2)
('33018', 1)
('02888', 1)
('55614', 1)
('27256', 1)
('64644', 3)
('84721', 1)
('11714', 1)
('16946', 1)
('95064', 1)
('95929', 1)
('18031', 1)
('05905', 1)
('53968', 10)
('54634', 80)
('54408', 1)
('16150', 1)
('74574', 1)
('82936', 1)
('72641', 1)
('93407', 1)
('89446', 1)
('54769', 3)
('54742', 3)
('54930', 4)
('53941', 14)
('54658', 5)
('54616', 5)
('54627', 4)
('53098', 4)
('53929', 6)
('54636', 2)
('53190', 5)
('98524', 1)
('02375', 1)
('33493', 5)
('60104', 1)
('60130', 1)
('88027', 1)
('83452', 1)
('89404', 1)
('29051', 1)
('95974', 10)
('74965', 2)
('04234', 2)
('54865', 1)
('95589', 1)
('93665', 1)
('93266', 1)
('95962', 3)
('91934', 1)
('93227', 1)
('01237', 1)
('95547', 3)
('61270', 1)
('96007', 2)
('93643', 2)
('55056', 2)
('95205', 1)
('58208', 1)
('04085', 1)
('95435', 3)
('95454', 1)
('95573', 3)
('53522', 3)
('95246', 1)
('58107', 1)
('93258', 1)
('30354', 1)
('75063', 1)
('28320', 1)
('77474', 1)
('93254', 1)
('95560', 1)
('95606', 2)
('54433', 4)
('94973', 1)
('70519', 1)
('19438', 1)
('96034', 3)
('69128', 4)
('85262', 1)
('97633', 9)
('95937', 2)
('93624', 1)
('95444', 1)
('95556', 4)
('81301', 1)
('95043', 2)
('50201', 3)
('81156', 1)
('95917', 4)
('49012', 1)
('93447', 1)
('39834', 2)
('95692', 1)
('94923', 1)
('95348', 1)
('08609', 1)
('97450', 1)
('92239', 1)
('85320', 1)
('94562', 2)
('93232', 1)
('39603', 1)
('94953', 1)
('17580', 1)
('95338', 1)
('93287', 1)
('95001', 1)
('77534', 2)
('93108', 1)
('98947', 1)
('93450', 2)
('81022', 1)
('13348', 1)
('52049', 4)
('28025', 1)
('92307', 1)
('93061', 1)
('79347', 9)
('95542', 1)
('12952', 1)
('81141', 2)
('92503', 1)
('95912', 3)
('46261', 1)
('93915', 1)
('93031', 1)
('93283', 1)
('04071', 1)
('06794', 1)
('95950', 1)
('94074', 1)
('95468', 1)
('94803', 1)
('29920', 1)
('95502', 1)
('95670', 1)
('85388', 1)
('95227', 1)
('89008', 1)
('79336', 1)
('93962', 1)
('95387', 2)
('96939', 1)
('89823', 1)
('80818', 1)
('96719', 1)
('60144', 1)
('95605', 2)
('77702', 1)
('28712', 1)
('95679', 5)
('04103', 1)
('59522', 9)
('48014', 2)
('14865', 2)
('05843', 2)
('67860', 1)
('19442', 1)
('12993', 1)
('05673', 2)
('96781', 2)
('84655', 1)
('97119', 1)
('21153', 1)
('97434', 1)
('73044', 1)
('67653', 2)
('54820', 1)
('59528', 2)
('87048', 3)
('87712', 1)
('10969', 2)
('12564', 1)
('59847', 2)
('02667', 1)
('14542', 1)
('87828', 1)
('47808', 1)
('83001', 3)
('10516', 1)
('87511', 3)
('48819', 1)
('14416', 1)
('83312', 1)
('06063', 1)
('58725', 1)
('55116', 1)
('49816', 1)
('67643', 2)
('87551', 1)
('96748', 2)
('04062', 1)
('56243', 1)
('59524', 1)
('05907', 1)
('82649', 2)
('97106', 1)
('03458', 2)
('07863', 1)
('04750', 1)
('82060', 3)
('54521', 1)
('59435', 1)
('53184', 2)
('87321', 1)
('13457', 1)
('69122', 2)
('17570', 1)
('48062', 1)
('83340', 1)
('27891', 4)
('02770', 1)
('44633', 7)
('80732', 3)
('12434', 1)
('54304', 1)
('12771', 1)
('73532', 1)
('88003', 1)
('59521', 1)
('12590', 1)
('54498', 8)
('60448', 2)
('43968', 1)
('54921', 1)
('96729', 3)
('58621', 1)
('76471', 1)
('13776', 3)
('90429', 1)
('13020', 1)
('59422', 1)
('59349', 1)
('22947', 1)
('18507', 1)
('80830', 1)
('56548', 1)
('07931', 1)
('44460', 1)
('66090', 1)
('08731', 1)
('96776', 1)
('44564', 1)
('97477', 1)
('83316', 1)
('87527', 4)
('55612', 2)
('03605', 1)
('84522', 1)
('14766', 1)
('19518', 1)
('08096', 1)
('55407', 1)
('07507', 1)
('01230', 1)
('68702', 1)
('59410', 1)
('04953', 1)
('27534', 2)
('27370', 1)
('87567', 1)
('27830', 1)
('27243', 4)
('59485', 2)
('17220', 2)
('59261', 1)
('48108', 1)
('96743', 1)
('04681', 1)
('18471', 1)
('80477', 1)
('96713', 1)
('68406', 1)
('12701', 1)
('59547', 3)
('98339', 1)
('87548', 1)
('54302', 1)
('49727', 3)
('20871', 1)
('74023', 1)
('48725', 1)
('49236', 1)
('87006', 1)
('65779', 1)
('74435', 1)
('74727', 3)
('73572', 1)
('06777', 1)
('54741', 17)
('53937', 4)
('53943', 6)
('53149', 1)
('85747', 1)
('54754', 1)
('53075', 5)
('53926', 3)
('53916', 4)
('59856', 1)
('43526', 1)
('63361', 4)
('30464', 1)
('33565', 1)
('32960', 1)
('31555', 1)
('59873', 1)
('08108', 1)
('10007', 1)
('53703', 1)
('33131', 2)
('40383', 4)
('62677', 2)
('50060', 3)
('66502', 2)
('47989', 4)
('53541', 3)
('49089', 1)
('46911', 1)
('88260', 2)
('63382', 9)
('53931', 1)
('64020', 1)
('52144', 1)
('22842', 2)
('50519', 1)
('68409', 2)
('57430', 2)
('44676', 10)
('52623', 1)
('27597', 2)
('33176', 1)
('52155', 6)
('58765', 1)
('78935', 1)
('59520', 8)
('92335', 1)
('50597', 7)
('29118', 1)
('19933', 1)
('52776', 2)
('41093', 2)
('42171', 2)
('52074', 2)
('64688', 1)
('56361', 1)
('13071', 2)
('16125', 6)
('27565', 6)
('05489', 1)
('48414', 1)
('58601', 2)
('49411', 1)
('54454', 2)
('14867', 1)
('62510', 1)
('72616', 3)
('54983', 1)
('52208', 3)
('49770', 3)
('49021', 2)
('54805', 2)
('31794', 1)
('49271', 3)
('49620', 1)
('43326', 15)
('33859', 1)
('10573', 1)
('50570', 3)
('59241', 2)
('51246', 3)
('50468', 1)
('49640', 1)
('49286', 1)
('48237', 1)
('92843', 1)
('66712', 1)
('67545', 1)
('46077', 3)
('52045', 2)
('49128', 2)
('16822', 1)
('65279', 1)
('44612', 1)
('47562', 7)
('46062', 1)
('94960', 1)
('54140', 1)
('94565', 1)
('58461', 1)
('60541', 1)
('56385', 2)
('47011', 1)
('54455', 1)
('33178', 2)
('67880', 1)
('65360', 2)
('48621', 1)
('23964', 3)
('27896', 1)
('50801', 3)
('30421', 1)
('68152', 1)
('56360', 2)
('44231', 1)
('62835', 1)
('44077', 1)
('54412', 3)
('25414', 1)
('46809', 1)
('47341', 6)
('44646', 1)
('61273', 1)
('48829', 3)
('46550', 15)
('31793', 1)
('55046', 1)
('60550', 1)
('42134', 1)
('44217', 2)
('11375', 1)
('50266', 1)
('37865', 1)
('68716', 2)
('49230', 1)
('48624', 8)
('67023', 1)
('05672', 1)
('54810', 1)
('65337', 1)
('37190', 1)
('57255', 1)
('52570', 3)
('32832', 1)
('46063', 1)
('03257', 1)
('78539', 1)
('55746', 1)
('53810', 1)
('32345', 1)
('57762', 1)
('61929', 1)
('43066', 1)
('45885', 1)
('48471', 5)
('45159', 1)
('62032', 1)
('53011', 1)
('61910', 3)
('67063', 1)
('63359', 3)
('46774', 8)
('75177', 1)
('88044', 1)
('50154', 1)
('61060', 1)
('87507', 2)
('61376', 1)
('42167', 1)
('33597', 1)
('60901', 2)
('36532', 1)
('61019', 1)
('61561', 2)
('61088', 1)
('22834', 1)
('58063', 1)
('53821', 1)
('49327', 1)
('62082', 1)
('43105', 1)
('59011', 2)
('66783', 1)
('50233', 1)
('79355', 2)
('54247', 1)
('58622', 2)
('45873', 1)
('56149', 1)
('40204', 1)
('56310', 2)
('40391', 3)
('55309', 1)
('65348', 7)
('30474', 1)
('50401', 2)
('1308', 1)
('27020', 3)
('53061', 4)
('32618', 1)
('29532', 1)
('46567', 1)
('62611', 1)
('27537', 3)
('58430', 1)
('49125', 1)
('52356', 4)
('51566', 4)
('45177', 2)
('80204', 1)
('50025', 4)
('32601', 1)
('60955', 1)
('51652', 1)
('51025', 8)
('51458', 1)
('69345', 2)
('57274', 2)
('54812', 2)
('59046', 1)
('30683', 2)
('37082', 1)
('53573', 8)
('23030', 1)
('22740', 1)
('05468', 3)
('68122', 1)
('50604', 1)
('49048', 1)
('56482', 2)
('48835', 2)
('42717', 2)
('23455', 1)
('68066', 2)
('64674', 1)
('47346', 1)
('65674', 1)
('94942', 3)
('32312', 1)
('59452', 2)
('60660', 1)
('43551', 1)
('50517', 1)
('49346', 1)
('50316', 1)
('51401', 3)
('44662', 7)
('11230', 1)
('58064', 1)
('42743', 1)
('39470', 2)
('29138', 2)
('62349', 2)
('48433', 1)
('56579', 1)
('38851', 1)
('07108', 1)
('46847', 1)
('57656', 2)
('22844', 1)
('05440', 1)
('59433', 1)
('42565', 3)
('55001', 1)
('45385', 1)
('58428', 5)
('44021', 3)
('43345', 1)
('54727', 2)
('61951', 2)
('59421', 1)
('42164', 1)
('91715', 1)
('55912', 6)
('12821', 1)
('45882', 1)
('60035', 1)
('52349', 3)
('68818', 5)
('64437', 1)
('61231', 1)
('30627', 1)
('77434', 2)
('63353', 2)
('61062', 3)
('52338', 1)
('30316', 1)
('68070', 1)
('52249', 2)
('52040', 1)
('51467', 2)
('49449', 1)
('48837', 1)
('50122', 2)
('54654', 2)
('62033', 1)
('05476', 3)
('68632', 2)
('45370', 1)
('50072', 2)
('62691', 1)
('52314', 1)
('56288', 1)
('48894', 1)
('56181', 2)
('29153', 1)
('40374', 3)
('34491', 1)
('07647', 1)
('28467', 1)
('24014', 1)
('07410', 1)
('59870', 3)
('33598', 1)
('52241', 1)
('56052', 1)
('65034', 3)
('08061', 1)
('54411', 14)
('45711', 1)
('50262', 1)
('43014', 2)
('05346', 2)
('62321', 1)
('45363', 1)
('65464', 1)
('50263', 1)
('94580', 1)
('76455', 1)
('20007', 1)
('52047', 3)
('12823', 1)
('30523', 1)
('32654', 1)
('55030', 1)
('88120', 1)
('49788', 1)
('43074', 1)
('23139', 1)
('60953', 2)
('60919', 1)
('25253', 1)
('10004', 2)
('91344', 1)
('54618', 2)
('50075', 2)
('33609', 1)
('67460', 1)
('51001', 2)
('52002', 1)
('48009', 1)
('94937', 2)
('45872', 1)
('48813', 8)
('66534', 3)
('50458', 1)
('65605', 1)
('33920', 1)
('29412', 1)
('60548', 1)
('56326', 2)
('79838', 1)
('50632', 1)
('32344', 1)
('16145', 1)
('28697', 1)
('52321', 1)
('51526', 1)
('68876', 1)
('59463', 1)
('79772', 3)
('49544', 2)
('11803', 1)
('59912', 2)
('94947', 2)
('72957', 1)
('61554', 1)
('33311', 1)
('50536', 3)
('44234', 1)
('03608', 2)
('47012', 1)
('78151', 1)
('24966', 1)
('33440', 1)
('53575', 2)
('50845', 5)
('32755', 1)
('43749', 2)
('61277', 1)
('38024', 1)
('61427', 1)
('49070', 1)
('43973', 5)
('52361', 2)
('33004', 1)
('24066', 1)
('52535', 1)
('16124', 1)
('50565', 1)
('50655', 1)
('56139', 1)
('62481', 1)
('52729', 1)
('28711', 2)
('37051', 1)
('67060', 1)
('57213', 1)
('64635', 4)
('76262', 1)
('52342', 2)
('57371', 1)
('29201', 1)
('43207', 1)
('58781', 1)
('64070', 1)
('60614', 1)
('54835', 1)
('52358', 1)
('67749', 1)
('45863', 1)
('29692', 1)
('54952', 2)
('41040', 1)
('61021', 1)
('61571', 1)
('61064', 1)
('75057', 1)
('61418', 1)
('51038', 2)
('61771', 1)
('51462', 1)
('29642', 2)
('08887', 1)
('59417', 1)
('42728', 1)
('66952', 2)
('34607', 1)
('46115', 1)
('24589', 1)
('72143', 1)
('67443', 1)
('44822', 9)
('52635', 3)
('37174', 1)
('68102', 1)
('50539', 1)
('50514', 1)
('50616', 1)
('79377', 1)
('57043', 2)
('78653', 1)
('61723', 1)
('44223', 1)
('56260', 2)
('66857', 1)
('52039', 1)
('43748', 2)
('44840', 2)
('30504', 2)
('48033', 1)
('51527', 1)
('64037', 1)
('80215', 1)
('55318', 1)
('56501', 1)
('17219', 5)
('50535', 2)
('60957', 1)
('30084', 1)
('82001', 1)
('49072', 1)
('51555', 1)
('33765', 1)
('68934', 1)
('56676', 1)
('11231', 2)
('51031', 3)
('55990', 1)
('02825', 1)
('05482', 1)
('35763', 1)
('32771', 2)
('40145', 1)
('61550', 2)
('33844', 1)
('46526', 2)
('46802', 2)
('56224', 1)
('58384', 1)
('17229', 1)
('50602', 1)
('77961', 1)
('68004', 1)
('87701', 1)
('37708', 1)
('48441', 1)
('15759', 1)
('49504', 1)
('52659', 2)
('56551', 2)
('52223', 5)
('39824', 1)
('28329', 1)
('50558', 1)
('63344', 1)
('01257', 1)
('30633', 2)
('27589', 1)
('63044', 1)
('96720', 3)
('02874', 2)
('50014', 2)
('43324', 5)
('33035', 1)
('50662', 2)
('55324', 1)
('62814', 1)
('60917', 1)
('68036', 4)
('52346', 1)
('68031', 2)
('82009', 2)
('72396', 1)
('42501', 1)
('52217', 2)
('61243', 3)
('60188', 1)
('55334', 4)
('57552', 2)
('43611', 1)
('59242', 3)
('50658', 2)
('50562', 1)
('05457', 3)
('32083', 2)
('40161', 1)
('60423', 1)
('43400', 1)
('05602', 1)
('55906', 1)
('50167', 1)
('50107', 1)
('56312', 4)
('54982', 5)
('68817', 1)
('64622', 1)
('50128', 1)
('59903', 1)
('63826', 1)
('77493', 1)
('65556', 1)
('05301', 1)
('31512', 1)
('29075', 1)
('72335', 1)
('49091', 1)
('34737', 1)
('55020', 1)
('57585', 2)
('54475', 2)
('50567', 1)
('55797', 3)
('38401', 1)
('05656', 2)
('49344', 1)
('59852', 1)
('65764', 4)
('53115', 1)
('65623', 1)
('58503', 1)
('32643', 1)
('57521', 2)
('42234', 2)
('57657', 2)
('55718', 1)
('54173', 1)
('28756', 1)
('27048', 1)
('00000', 3)
('64088', 1)
('35958', 1)
('46031', 1)
('96092', 1)
('81089', 1)
('34797', 2)
('61275', 1)
('55932', 1)
('44236', 1)
('03949', 1)
('68050', 1)
('51342', 1)
('40484', 1)
('47043', 1)
('47995', 1)
('63540', 1)
('52140', 4)
('45807', 2)
('34135', 1)
('32008', 2)
('48642', 1)
('57555', 3)
('44212', 1)
('06058', 1)
('03070', 1)
('52619', 1)
('34203', 2)
('27212', 1)
('33982', 2)
('68144', 1)
('82050', 5)
('47404', 1)
('30439', 1)
('48472', 6)
('66861', 1)
('16823', 1)
('24538', 1)
('65644', 1)
('46952', 1)
('53222', 1)
('55358', 3)
('65742', 1)
('70601', 1)
('42718', 1)
('46304', 2)
('71836', 1)
('45169', 2)
('61075', 2)
('41031', 1)
('28448', 1)
('52756', 1)
('65231', 1)
('47972', 1)
('60119', 2)
('44281', 1)
('29909', 1)
('62557', 3)
('72131', 1)
('96816', 1)
('61822', 1)
('29653', 2)
('63084', 1)
('65689', 2)
('43607', 1)
('19975', 1)
('78009', 1)
('62906', 1)
('69360', 1)
('24598', 2)
('24580', 1)
('60959', 1)
('28677', 1)
('44837', 7)
('58413', 1)
('54106', 2)
('52175', 1)
('62463', 1)
('43015', 1)
('03045', 1)
('66408', 1)
('45356', 1)
('29520', 1)
('95823', 1)
('55949', 1)
('41201', 1)
('69147', 1)
('03460', 1)
('56359', 1)
('60048', 1)
('33133', 2)
('62640', 1)
('57062', 2)
('50619', 1)
('43031', 1)
('43812', 3)
('52254', 1)
('44830', 1)
('50226', 1)
('19350', 1)
('79720', 1)
('64473', 1)
('23851', 1)
('43006', 2)
('47946', 1)
('30263', 1)
('32776', 1)
('57534', 1)
('30176', 1)
('46580', 1)
('52335', 1)
('47448', 1)
('39601', 1)
('69153', 1)
('48432', 1)
('33403', 1)
('37876', 1)
('51346', 2)
('60618', 1)
('03773', 1)
('44032', 2)
('54115', 3)
('32811', 1)
('68660', 1)
('65707', 1)
('46074', 1)
('22959', 1)
('48470', 4)
('27704', 1)
('57438', 1)
('33586', 1)
('56101', 2)
('18078', 1)
('39662', 1)
('55902', 1)
('66412', 2)
('46140', 1)
('55040', 1)
('33890', 2)
('37209', 2)
('46545', 1)
('43231', 1)
('40324', 1)
('37064', 1)
('30643', 1)
('13489', 1)
('44102', 1)
('44902', 1)
('32565', 1)
('78612', 1)
('58478', 1)
('77455', 1)
('42266', 1)
('59213', 1)
('13802', 1)
('45318', 1)
('16404', 1)
('58558', 1)
('61042', 4)
('24088', 1)
('40456', 1)
('07047', 1)
('40211', 1)
('56352', 2)
('44115', 1)
('44214', 1)
('65050', 1)
('32735', 1)
('52214', 1)
('29105', 1)
('33470', 1)
('48429', 1)
('47240', 2)
('60176', 1)
('46770', 1)
('45359', 3)
('36571', 1)
('36274', 2)
('44253', 2)
('37361', 1)
('54768', 3)
('30240', 1)
('78744', 1)
('48618', 2)
('54042', 1)
('65018', 1)
('46902', 1)
('45227', 1)
('76842', 1)
('22920', 1)
('44811', 1)
('62002', 1)
('45387', 1)
('07657', 1)
('80110', 1)
('58332', 1)
('46975', 4)
('57350', 1)
('78526', 1)
('30054', 1)
('46542', 1)
('48060', 1)
('80720', 1)
('50511', 2)
('60056', 1)
('43619', 1)
('49426', 3)
('60948', 1)
('63469', 1)
('54235', 4)
('24112', 1)
('76055', 1)
('45644', 1)
('59019', 1)
('67422', 1)
('51003', 1)
('57225', 1)
('24072', 1)
('48760', 1)
('31515', 1)
('55416', 1)
('43518', 1)
('40065', 2)
('24541', 1)
('29316', 1)
('28692', 1)
('23876', 1)
('53090', 1)
('60554', 1)
('68714', 2)
('60624', 1)
('48451', 1)
('29727', 1)
('10601', 1)
('51245', 1)
('60651', 1)
('11561', 1)
('32094', 1)
('49323', 1)
('69154', 1)
('31539', 1)
('34209', 1)
('46218', 3)
('17314', 1)
('38482', 1)
('80729', 4)
('45304', 2)
('51023', 1)
('96727', 2)
('17532', 2)
('49423', 2)
('61018', 1)
('57069', 1)
('11727', 1)
('49512', 1)
('46524', 1)
('50581', 1)
('56461', 1)
('96744', 1)
('63537', 1)
('59440', 1)
('57227', 1)
('51048', 1)
('46472', 1)
('61853', 1)
('57216', 2)
('53040', 3)
('50527', 1)
('49437', 1)
('50628', 1)
('48879', 2)
('77465', 1)
('64497', 1)
('49301', 1)
('05734', 1)
('30816', 1)
('90024', 1)
('67505', 1)
('68735', 1)
('50236', 1)
('16841', 1)
('40461', 1)
('44085', 2)
('52046', 1)
('44431', 1)
('79843', 1)
('14591', 1)
('45331', 1)
('54763', 4)
('46797', 1)
('48744', 3)
('03281', 1)
('79323', 1)
('54241', 1)
('55803', 1)
('44255', 1)
('44680', 1)
('58567', 1)
('61727', 1)
('46165', 1)
('51231', 1)
('48315', 1)
('43130', 1)
('07033', 1)
('44889', 1)
('55428', 1)
('19716', 1)
('43162', 1)
('72947', 1)
('55359', 1)
('30830', 1)
('51445', 1)
('59412', 1)
('50228', 1)
('43716', 1)
('60090', 1)
('47862', 1)
('56171', 1)
('62501', 1)
('64683', 3)
('49034', 1)
('37141', 1)
('61741', 2)
('53002', 1)
('29645', 1)
('68701', 3)
('59255', 1)
('48419', 1)
('65717', 1)
('60192', 1)
('28663', 1)
('59414', 1)
('53063', 1)
('37010', 1)
('38222', 1)
('52305', 1)
('48856', 1)
('55945', 1)
('53824', 1)
('48770', 2)
('58027', 1)
('45613', 1)
('43338', 5)
('49235', 1)
('42740', 1)
('54423', 1)
('58368', 1)
('46350', 1)
('05857', 2)
('30525', 2)
('48628', 1)
('03227', 1)
('44141', 1)
('45459', 1)
('43777', 1)
('47394', 1)
('33584', 1)
('58703', 1)
('73663', 1)
('41055', 1)
('65039', 1)
('42528', 2)
('49653', 1)
('49459', 1)
('63446', 1)
('31096', 1)
('28714', 1)
('44867', 1)
('66834', 1)
('46947', 1)
('45335', 1)
('53569', 1)
('47037', 1)
('61279', 1)
('60542', 1)
('54846', 1)
('62237', 1)
('27239', 1)
('71302', 1)
('05774', 1)
('48815', 4)
('68019', 1)
('44417', 1)
('69101', 1)
('49776', 1)
('12553', 1)
('48612', 1)
('46341', 1)
('28341', 1)
('33309', 1)
('55977', 1)
('72927', 1)
('79031', 1)
('58270', 1)
('40769', 1)
('50131', 2)
('56089', 1)
('58456', 1)
('32963', 1)
('61234', 1)
('27809', 1)
('53716', 1)
('49665', 2)
('07065', 1)
('19406', 1)
('67741', 1)
('68047', 1)
('37388', 1)
('58225', 1)
('48065', 1)
('54162', 5)
('62025', 1)
('68046', 1)
('05042', 1)
('54701', 2)
('68788', 1)
('45243', 1)
('49090', 1)
('34120', 2)
('44099', 1)
('13502', 1)
('43837', 2)
('33846', 1)
('48832', 2)
('60560', 1)
('37920', 1)
('58439', 1)
('46996', 1)
('27919', 2)
('81328', 1)
('44143', 1)
('60964', 2)
('68850', 1)
('41501', 1)
('16063', 1)
('05760', 1)
('48820', 1)
('50626', 1)
('47460', 1)
('87020', 1)
('78596', 1)
('43341', 1)
('48005', 1)
('39051', 1)
('61818', 2)
('44853', 1)
('40171', 1)
('58278', 1)
('63111', 1)
('67020', 1)
('44827', 1)
('54154', 2)
('05650', 1)
('60603', 1)
('33431', 1)
('68038', 1)
('44147', 1)
('80807', 2)
('37882', 1)
('45397', 1)
('43160', 1)
('88047', 1)
('31089', 1)
('46818', 2)
('59027', 1)
('48754', 1)
('62638', 1)
('54202', 1)
('43212', 1)
('77029', 1)
('97438', 1)
('45860', 1)
('37058', 1)
('48435', 2)
('49315', 1)
('45817', 2)
('25071', 1)
('62643', 1)
('87121', 1)
('69156', 1)
('60930', 1)
('28019', 1)
('03675', 1)
('32953', 1)
('68765', 1)
('68713', 1)
('95833', 1)
('43988', 1)
('54956', 1)
('54459', 3)
('46226', 2)
('64132', 1)
('47403', 1)
('47017', 2)
('07631', 1)
('58431', 1)
('23970', 1)
('55077', 1)
('66438', 1)
('44319', 1)
('61738', 1)
('65803', 1)
('53511', 2)
('56262', 1)
('59771', 1)
('97220', 1)
('54165', 5)
('50223', 1)
('67738', 1)
('43217', 1)
('32720', 1)
('51565', 1)
('01701', 1)
('46465', 1)
('67645', 1)
('62882', 1)
('66527', 1)
('46544', 1)
('60513', 1)
('49707', 1)
('33154', 1)
('54847', 1)
('83217', 1)
('24485', 1)
('48834', 1)
('58441', 1)
('45344', 1)
('24092', 1)
('52720', 1)
('93223', 1)
('44325', 1)
('30046', 1)
('00637', 1)
('05481', 1)
('00962', 1)
('00627', 1)
('54632', 7)
('54623', 7)
('54738', 1)
('54949', 3)
('54950', 1)
('84532', 1)
('59243', 2)
('54422', 2)
('54107', 7)
('54427', 1)
('54111', 3)
('53038', 1)
('54642', 10)
('53022', 2)
('54480', 4)
('53070', 2)
('54731', 1)
('53960', 1)
('53923', 5)
('53549', 2)
('54166', 2)
('54556', 1)
('53911', 1)
('54526', 1)
('54755', 12)
('54129', 2)
('54730', 1)
('54734', 1)
('53901', 2)
('54110', 1)
('51108', 1)
('94533', 1)
('00641', 1)
('56032', 1)
('81612', 1)
('50676', 1)
('27261', 1)
('46220', 1)
('49674', 1)
('65102', 1)
('62367', 1)
('59263', 2)
('53808', 1)
('47331', 1)
('49342', 1)
('61759', 1)
('50250', 1)
('66801', 1)
('46530', 1)
('68631', 1)
('62931', 1)
('26253', 1)
('00667', 1)
('68779', 1)
('53944', 2)
('54770', 3)
('28730', 1)
('54629', 2)
('54170', 1)
('54159', 1)
('53147', 1)
('54767', 1)
('54161', 1)
('53114', 1)
('54974', 1)
('54923', 1)
('54961', 1)
('46565', 44)
('81125', 14)
('04614', 2)
('01432', 3)
('28328', 1)
('78610', 1)
('14048', 1)
('99362', 1)
('29650', 1)
('63043', 1)
('64801', 1)
('92408', 1)
('08302', 3)
('91761', 8)
('72764', 1)
('19432', 1)
('45241', 2)
('15857', 1)
('14001', 3)
('15106', 1)
('07874', 1)
('06784', 1)
('00817', 1)
('19363', 7)
('30161', 1)
('10921', 2)
('11733', 1)
('72632', 2)
('19605', 2)
('80651', 3)
('85353', 3)
('28115', 2)
('07936', 1)
('11801', 3)
('51640', 1)
('17058', 3)
('83864', 1)
('95076', 77)
('48170', 3)
('95363', 8)
('14224', 2)
('93611', 3)
('93725', 10)
('93940', 5)
('92407', 2)
('18020', 1)
('62920', 3)
('17543', 19)
('95470', 34)
('54426', 8)
('60490', 2)
('54021', 3)
('28376', 1)
('98589', 3)
('98542', 1)
('94559', 4)
('14145', 2)
('12567', 1)
('17059', 22)
('53156', 4)
('13165', 13)
('49101', 1)
('73118', 1)
('04915', 8)
('14822', 1)
('12917', 9)
('92544', 2)
('95023', 46)
('14817', 1)
('88007', 3)
('90670', 5)
('92250', 6)
('94607', 7)
('14873', 9)
('13332', 17)
('10070', 1)
('67401', 1)
('17518', 7)
('06470', 1)
('04252', 2)
('17067', 27)
('04348', 4)
('31326', 1)
('92024', 4)
('04468', 1)
('94589', 1)
('98057', 1)
('17552', 8)
('67543', 2)
('28327', 7)
('57743', 1)
('12937', 7)
('52556', 14)
('93706', 18)
('37129', 2)
('31705', 1)
('55901', 2)
('42071', 1)
('97101', 2)
('54722', 21)
('95948', 8)
('12914', 21)
('04740', 4)
('30427', 3)
('12831', 1)
('76844', 1)
('85284', 1)
('06795', 1)
('79403', 1)
('96817', 1)
('13486', 1)
('39825', 1)
('12926', 4)
('94710', 9)
('89521', 4)
('28110', 1)
('21202', 1)
('17236', 5)
('41051', 1)
('13468', 2)
('04628', 2)
('78368', 1)
('16914', 2)
('54489', 4)
('12197', 3)
('80134', 2)
('17048', 10)
('12955', 2)
('62288', 1)
('95334', 12)
('14853', 1)
('12934', 12)
('13733', 3)
('17004', 20)
('95401', 6)
('90265', 5)
('55057', 9)
('84065', 1)
('95236', 5)
('44626', 1)
('14527', 61)
('15530', 6)
('14729', 2)
('17777', 9)
('19534', 1)
('14840', 5)
('17019', 1)
('14206', 1)
('17859', 3)
('04987', 1)
('17963', 5)
('95303', 3)
('94103', 2)
('17848', 1)
('87114', 1)
('95493', 3)
('14171', 1)
('55374', 2)
('94951', 2)
('93245', 8)
('44691', 15)
('21791', 2)
('02188', 1)
('93117', 14)
('12037', 1)
('02537', 1)
('80831', 1)
('20664', 1)
('56353', 8)
('04537', 1)
('53158', 1)
('53226', 1)
('13812', 5)
('95977', 1)
('97005', 1)
('17265', 1)
('20622', 1)
('14098', 4)
('95928', 9)
('01330', 4)
('06373', 1)
('96032', 4)
('55432', 1)
('23235', 1)
('95485', 13)
('21536', 2)
('45865', 4)
('01059', 1)
('04358', 3)
('14837', 24)
('91010', 2)
('95404', 10)
('13439', 9)
('14525', 3)
('16686', 6)
('04606', 2)
('38703', 1)
('19330', 7)
('13743', 3)
('19540', 2)
('04345', 8)
('93907', 15)
('08534', 3)
('76177', 1)
('19335', 1)
('13652', 3)
('07823', 2)
('95039', 5)
('24945', 2)
('53125', 1)
('79508', 1)
('90012', 1)
('14011', 6)
('98002', 1)
('98908', 1)
('55018', 3)
('84321', 5)
('90277', 2)
('22851', 2)
('93657', 7)
('28334', 3)
('80524', 4)
('79045', 3)
('80301', 11)
('07203', 2)
('08810', 3)
('44637', 2)
('60101', 2)
('52773', 1)
('65285', 2)
('94804', 5)
('16950', 3)
('15748', 4)
('45135', 3)
('92222', 2)
('95357', 5)
('56477', 4)
('93730', 2)
('61489', 1)
('60491', 1)
('14139', 1)
('97540', 3)
('53583', 1)
('12887', 17)
('13646', 7)
('18901', 2)
('17035', 5)
('56258', 2)
('90744', 1)
('60609', 7)
('90746', 2)
('73106', 2)
('54174', 2)
('18052', 2)
('14456', 8)
('21798', 1)
('93030', 8)
('92356', 7)
('93631', 25)
('17846', 9)
('74301', 2)
('69138', 3)
('10036', 1)
('93453', 1)
('52571', 1)
('08085', 3)
('01270', 1)
('96003', 2)
('50125', 1)
('17003', 5)
('55972', 22)
('16865', 3)
('03245', 2)
('06031', 1)
('93635', 5)
('53576', 1)
('48740', 2)
('93109', 2)
('85350', 2)
('81419', 12)
('93637', 29)
('21651', 3)
('01760', 1)
('56271', 2)
('77523', 1)
('65633', 1)
('92806', 4)
('21645', 3)
('17321', 1)
('07981', 1)
('61530', 6)
('19344', 12)
('06033', 1)
('56282', 1)
('12959', 2)
('04008', 12)
('17032', 6)
('56029', 2)
('06469', 1)
('51546', 3)
('13335', 5)
('93312', 3)
('68462', 3)
('17844', 16)
('17271', 2)
('50629', 21)
('79906', 1)
('08822', 7)
('11701', 2)
('94941', 1)
('14020', 3)
('17516', 4)
('12920', 1)
('08854', 4)
('13428', 13)
('14564', 1)
('16652', 2)
('95336', 3)
('80021', 2)
('84104', 7)
('94019', 7)
('17043', 1)
('54665', 34)
('20194', 1)
('95521', 12)
('93013', 8)
('17870', 7)
('04766', 4)
('31535', 2)
('96101', 4)
('52362', 1)
('55962', 4)
('76531', 3)
('02346', 2)
('93421', 1)
('13830', 1)
('18837', 5)
('56026', 1)
('15217', 2)
('90280', 2)
('43032', 1)
('46528', 29)
('89506', 2)
('16108', 1)
('04951', 4)
('91768', 1)
('90755', 2)
('84058', 1)
('52003', 1)
('53825', 4)
('50183', 1)
('95973', 9)
('95607', 4)
('81324', 9)
('74120', 1)
('12125', 1)
('01835', 3)
('94553', 1)
('27207', 6)
('74128', 1)
('95776', 11)
('17002', 4)
('12023', 1)
('15714', 1)
('19543', 3)
('89447', 4)
('84040', 1)
('04747', 3)
('97325', 1)
('13803', 11)
('54027', 5)
('56175', 1)
('17801', 6)
('56001', 1)
('92324', 4)
('01585', 1)
('07016', 1)
('95565', 4)
('17842', 8)
('95017', 7)
('90250', 2)
('58445', 1)
('53581', 5)
('92037', 1)
('95003', 6)
('16033', 1)
('08088', 1)
('15650', 3)
('93463', 6)
('91320', 3)
('91607', 1)
('93619', 2)
('84014', 1)
('57481', 1)
('55082', 3)
('17837', 16)
('61773', 3)
('13808', 4)
('16872', 11)
('97527', 1)
('97002', 4)
('59501', 7)
('46962', 5)
('04426', 2)
('33432', 2)
('95366', 2)
('24522', 1)
('12525', 3)
('12029', 2)
('19506', 6)
('01843', 1)
('13365', 11)
('13658', 5)
('33323', 1)
('93458', 5)
('49424', 2)
('96104', 4)
('16917', 1)
('19365', 6)
('90021', 8)
('93010', 1)
('17023', 11)
('95070', 2)
('16647', 1)
('56446', 9)
('81652', 1)
('82240', 3)
('74604', 1)
('52591', 9)
('91762', 1)
('37821', 1)
('91107', 1)
('78207', 1)
('81140', 4)
('04746', 2)
('96129', 2)
('92069', 4)
('16601', 2)
('95457', 9)
('93610', 9)
('97140', 2)
('04780', 4)
('95603', 1)
('56544', 4)
('52540', 9)
('17522', 15)
('61053', 1)
('21740', 2)
('04684', 1)
('14767', 3)
('13334', 10)
('94550', 2)
('85356', 1)
('17042', 16)
('04002', 4)
('04020', 1)
('96708', 3)
('17044', 2)
('97601', 4)
('56634', 5)
('21771', 2)
('17322', 1)
('49404', 5)
('20010', 2)
('63435', 5)
('84097', 1)
('49336', 3)
('60173', 4)
('19530', 8)
('45388', 3)
('33404', 2)
('64660', 1)
('95674', 3)
('12010', 2)
('96038', 3)
('18801', 2)
('20002', 1)
('53554', 3)
('94702', 2)
('01039', 1)
('08525', 2)
('08234', 2)
('17853', 6)
('04097', 1)
('27325', 4)
('89406', 4)
('94928', 3)
('44826', 2)
('17366', 1)
('95469', 5)
('40203', 2)
('78644', 2)
('16248', 2)
('17406', 1)
('21220', 2)
('14733', 8)
('07666', 1)
('29161', 2)
('04986', 10)
('17241', 4)
('92780', 1)
('55047', 4)
('98272', 1)
('52151', 4)
('52641', 4)
('91746', 4)
('14543', 1)
('50021', 3)
('95946', 2)
('27349', 5)
('59523', 22)
('53956', 3)
('13309', 1)
('13407', 4)
('95370', 2)
('84306', 1)
('60103', 1)
('97301', 1)
('59015', 1)
('15851', 4)
('93444', 7)
('58007', 1)
('13815', 8)
('08037', 6)
('12953', 3)
('07722', 1)
('08067', 2)
('59474', 5)
('11211', 2)
('93662', 7)
('53924', 3)
('93422', 6)
('96790', 8)
('17527', 11)
('55124', 1)
('28631', 1)
('90501', 5)
('12928', 1)
('97213', 1)
('27505', 5)
('28134', 1)
('72080', 1)
('21750', 1)
('26812', 5)
('15535', 1)
('27341', 5)
('74085', 2)
('49460', 4)
('93307', 6)
('21727', 1)
('91766', 1)
('97132', 4)
('14489', 9)
('18850', 2)
('17350', 4)
('14411', 4)
('80603', 3)
('95004', 7)
('13317', 5)
('55313', 2)
('04444', 2)
('02584', 1)
('65622', 39)
('93033', 6)
('63042', 1)
('28086', 1)
('97401', 2)
('15233', 1)
('84060', 1)
('95993', 8)
('77442', 14)
('67114', 3)
('16927', 1)
('12075', 8)
('80304', 5)
('95668', 8)
('44287', 16)
('13740', 2)
('66046', 2)
('90248', 2)
('59301', 2)
('12542', 1)
('54451', 9)
('93711', 3)
('21788', 5)
('44606', 21)
('04952', 2)
('02746', 2)
('84663', 1)
('17015', 4)
('15320', 1)
('37857', 1)
('17026', 9)
('44624', 22)
('55391', 1)
('55362', 2)
('63457', 5)
('66044', 8)
('28472', 2)
('10474', 3)
('91744', 1)
('10013', 1)
('20785', 2)
('60540', 1)
('17262', 8)
('15957', 1)
('72740', 1)
('95037', 5)
('91502', 1)
('11933', 3)
('92065', 7)
('50595', 4)
('95960', 2)
('01093', 1)
('03882', 1)
('91436', 1)
('48875', 2)
('52101', 18)
('04422', 1)
('13493', 1)
('85260', 2)
('55302', 3)
('79359', 8)
('02822', 3)
('12919', 1)
('01604', 1)
('04093', 2)
('92618', 3)
('19310', 1)
('94922', 2)
('03645', 1)
('42129', 2)
('94965', 2)
('53959', 7)
('17602', 8)
('04287', 1)
('94131', 2)
('07719', 1)
('55371', 3)
('65334', 3)
('07601', 1)
('18465', 1)
('45302', 1)
('12569', 1)
('91702', 1)
('17068', 1)
('18960', 1)
('54614', 6)
('91745', 1)
('61032', 3)
('84311', 1)
('10014', 1)
('94062', 1)
('94109', 2)
('81006', 2)
('92606', 2)
('97214', 7)
('74008', 3)
('56542', 2)
('96022', 1)
('17051', 2)
('53050', 3)
('15963', 1)
('51241', 2)
('56401', 3)
('18972', 1)
('95407', 10)
('97503', 1)
('12401', 3)
('43318', 8)
('14507', 2)
('17519', 4)
('90247', 2)
('17086', 9)
('04983', 1)
('17864', 3)
('04217', 2)
('33850', 1)
('96134', 7)
('92066', 1)
('97530', 2)
('97224', 1)
('04957', 5)
('16832', 1)
('12068', 3)
('65202', 1)
('12072', 8)
('95492', 1)
('04862', 7)
('49719', 1)
('56347', 8)
('97630', 3)
('79316', 5)
('93272', 1)
('92879', 4)
('93203', 4)
('80650', 1)
('97544', 3)
('17517', 4)
('17579', 7)
('87104', 1)
('06615', 1)
('91316', 2)
('52037', 1)
('87569', 1)
('17860', 2)
('56373', 1)
('02136', 2)
('13676', 4)
('58075', 1)
('92562', 3)
('30707', 1)
('95019', 1)
('95077', 4)
('54773', 6)
('95045', 8)
('14470', 1)
('78155', 1)
('11706', 1)
('32784', 1)
('94545', 9)
('55910', 6)
('05472', 1)
('90404', 2)
('04574', 3)
('12921', 2)
('48203', 1)
('80216', 7)
('14521', 11)
('95722', 1)
('49096', 9)
('65712', 1)
('07853', 1)
('08361', 1)
('210', 1)
('55113', 3)
('56594', 2)
('65084', 4)
('04664', 2)
('14420', 4)
('11788', 7)
('14883', 3)
('56057', 2)
('21160', 2)
('49621', 2)
('80467', 1)
('88024', 1)
('02779', 1)
('83815', 1)
('33181', 2)
('48658', 5)
('85338', 2)
('04762', 2)
('99349', 2)
('94573', 5)
('04976', 5)
('12936', 2)
('11105', 2)
('95540', 6)
('04021', 1)
('04032', 4)
('01337', 1)
('11237', 4)
('04360', 1)
('17847', 6)
('98032', 4)
('52536', 1)
('13827', 2)
('17560', 5)
('17238', 2)
('80027', 3)
('60612', 2)
('95466', 6)
('44865', 2)
('55119', 1)
('06422', 2)
('64779', 3)
('62650', 2)
('95220', 3)
('06751', 2)
('96058', 7)
('18623', 1)
('95442', 4)
('56537', 1)
('17555', 14)
('04760', 1)
('06039', 1)
('65322', 3)
('04090', 3)
('13613', 7)
('01702', 1)
('83318', 1)
('87105', 3)
('17752', 3)
('12020', 1)
('80022', 2)
('56157', 1)
('56586', 1)
('56470', 2)
('79084', 4)
('14532', 3)
('17033', 1)
('46553', 1)
('16870', 2)
('49056', 1)
('55931', 1)
('93454', 6)
('04917', 2)
('95569', 2)
('04435', 1)
('01826', 1)
('12423', 1)
('89407', 1)
('56531', 1)
('94511', 1)
('90220', 2)
('81326', 1)
('66050', 1)
('53105', 2)
('08825', 2)
('95953', 7)
('91311', 2)
('04743', 2)
('04622', 3)
('06032', 1)
('97209', 3)
('14541', 9)
('06254', 1)
('17968', 1)
('30288', 2)
('19720', 2)
('05302', 1)
('74434', 1)
('04105', 2)
('07430', 1)
('95451', 21)
('10916', 1)
('14006', 1)
('55108', 2)
('95979', 2)
('87108', 1)
('31302', 1)
('73763', 2)
('28425', 1)
('78676', 1)
('17603', 4)
('73737', 4)
('72855', 1)
('06092', 1)
('02766', 1)
('93721', 1)
('90001', 1)
('61080', 4)
('53223', 1)
('74146', 2)
('53504', 9)
('57301', 1)
('97045', 1)
('24413', 1)
('27546', 3)
('51536', 1)
('60468', 1)
('93702', 1)
('73726', 1)
('54648', 20)
('56223', 2)
('92011', 2)
('91767', 2)
('90503', 2)
('48118', 1)
('14012', 4)
('16678', 1)
('68781', 1)
('29605', 1)
('60616', 1)
('94060', 11)
('57353', 3)
('13778', 2)
('48072', 1)
('81321', 1)
('53516', 3)
('94801', 2)
('95301', 9)
('95014', 1)
('02356', 1)
('56760', 1)
('19007', 2)
('10940', 3)
('03258', 1)
('11720', 1)
('08318', 1)
('04010', 2)
('85226', 3)
('95326', 8)
('95360', 5)
('60031', 5)
('95519', 3)
('55404', 2)
('43040', 5)
('30517', 1)
('13326', 2)
('06511', 3)
('14898', 4)
('21713', 1)
('93923', 5)
('17978', 3)
('90058', 12)
('21912', 1)
('24021', 1)
('53525', 1)
('53505', 1)
('87506', 2)
('75149', 1)
('80020', 2)
('21758', 1)
('56264', 1)
('45895', 1)
('16102', 1)
('96761', 1)
('89074', 2)
('94515', 2)
('73625', 2)
('60403', 1)
('52590', 11)
('92672', 3)
('17062', 5)
('01373', 2)
('95066', 2)
('93247', 4)
('52136', 10)
('02878', 2)
('03037', 1)
('04623', 2)
('52577', 1)
('50313', 4)
('32926', 1)
('96822', 2)
('49507', 1)
('95963', 17)
('24577', 4)
('14211', 1)
('81428', 6)
('01970', 2)
('45883', 1)
('10956', 1)
('04777', 1)
('47872', 15)
('78504', 3)
('74464', 2)
('57201', 2)
('52327', 15)
('04967', 2)
('04676', 1)
('28206', 1)
('33069', 4)
('33134', 2)
('92509', 1)
('53572', 4)
('78124', 1)
('92056', 4)
('56314', 2)
('95709', 2)
('28761', 1)
('48762', 1)
('56120', 1)
('10122', 1)
('98230', 2)
('17529', 10)
('81003', 1)
('27356', 1)
('12093', 1)
('13040', 8)
('10003', 1)
('44667', 8)
('55372', 3)
('37663', 3)
('60062', 1)
('12865', 2)
('13601', 2)
('55971', 3)
('49073', 7)
('63135', 1)
('17202', 6)
('97437', 1)
('05450', 5)
('77514', 4)
('20619', 1)
('92201', 7)
('81233', 1)
('50436', 1)
('12404', 2)
('98241', 1)
('19526', 4)
('05871', 1)
('91302', 1)
('23093', 4)
('49410', 1)
('46794', 6)
('54667', 36)
('27609', 1)
('13122', 1)
('78541', 3)
('42420', 1)
('13440', 2)
('17584', 7)
('96059', 3)
('13832', 1)
('22812', 6)
('08837', 1)
('07470', 2)
('04956', 3)
('53151', 2)
('56307', 4)
('85282', 1)
('84511', 1)
('13156', 1)
('28753', 2)
('90031', 2)
('90710', 1)
('93003', 4)
('12184', 3)
('27355', 4)
('95659', 3)
('83347', 1)
('02571', 2)
('14510', 2)
('21158', 2)
('04046', 3)
('31650', 1)
('12173', 1)
('08068', 1)
('04464', 1)
('28170', 1)
('62635', 1)
('82441', 1)
('95033', 3)
('63077', 1)
('54028', 8)
('13753', 4)
('30815', 1)
('13148', 2)
('61283', 23)
('46060', 1)
('14214', 2)
('01845', 1)
('02554', 3)
('18415', 2)
('98005', 3)
('85040', 2)
('33811', 1)
('04342', 4)
('08004', 1)
('89706', 1)
('97501', 1)
('84320', 1)
('12106', 3)
('90059', 1)
('60484', 2)
('55947', 4)
('93270', 1)
('04841', 2)
('62703', 1)
('59875', 1)
('56065', 1)
('21769', 4)
('93925', 1)
('13072', 2)
('31750', 1)
('12302', 2)
('04030', 1)
('80537', 1)
('95110', 1)
('54657', 1)
('54114', 1)
('48051', 2)
('04573', 1)
('14891', 6)
('06423', 2)
('15541', 4)
('18940', 1)
('93614', 1)
('91381', 1)
('02860', 2)
('05441', 2)
('02892', 2)
('19146', 2)
('94542', 1)
('91963', 1)
('06750', 1)
('53807', 14)
('95358', 6)
('92880', 4)
('73747', 1)
('58004', 2)
('30501', 1)
('18014', 1)
('27350', 2)
('44654', 66)
('48427', 1)
('52240', 7)
('56244', 6)
('49328', 1)
('53593', 4)
('13608', 5)
('67017', 1)
('04363', 1)
('94022', 1)
('95943', 6)
('95957', 3)
('10950', 3)
('02368', 1)
('08008', 1)
('95835', 1)
('48757', 4)
('48767', 7)
('02038', 1)
('37203', 2)
('55125', 2)
('89502', 3)
('01905', 3)
('17030', 5)
('13118', 11)
('49245', 9)
('53558', 1)
('53515', 2)
('97826', 2)
('13460', 5)
('07003', 2)
('16925', 2)
('06484', 1)
('27205', 6)
('58756', 1)
('94063', 1)
('73055', 1)
('13061', 4)
('05454', 3)
('14172', 1)
('21601', 2)
('92614', 3)
('13328', 2)
('22042', 1)
('15681', 1)
('17737', 2)
('13734', 1)
('01036', 1)
('04350', 4)
('48097', 4)
('01098', 1)
('48456', 6)
('24244', 4)
('43824', 12)
('03224', 2)
('05445', 1)
('03229', 3)
('01259', 1)
('12837', 2)
('03584', 2)
('91355', 1)
('28358', 2)
('95073', 7)
('16947', 1)
('95337', 4)
('75071', 1)
('89030', 1)
('31721', 2)
('50161', 1)
('57070', 1)
('89445', 2)
('02067', 2)
('77098', 1)
('12871', 1)
('04084', 2)
('05478', 3)
('21050', 1)
('55325', 4)
('65690', 1)
('48723', 8)
('48207', 2)
('13110', 1)
('57380', 1)
('85122', 1)
('04015', 2)
('01507', 1)
('04086', 3)
('72113', 1)
('60018', 1)
('02324', 1)
('02367', 2)
('89425', 3)
('45069', 2)
('02155', 1)
('07608', 1)
('02714', 1)
('62568', 1)
('92802', 1)
('90275', 1)
('58545', 1)
('95316', 3)
('52317', 1)
('92058', 1)
('08322', 1)
('92373', 1)
('83647', 2)
('87106', 1)
('17372', 4)
('18833', 1)
('25526', 1)
('55019', 2)
('61725', 1)
('21853', 1)
('12801', 1)
('94949', 3)
('07059', 1)
('66538', 4)
('17240', 5)
('90806', 3)
('91710', 6)
('14842', 4)
('91384', 1)
('28147', 1)
('68976', 1)
('19947', 1)
('23301', 1)
('23875', 1)
('14024', 5)
('59542', 6)
('92003', 4)
('14589', 1)
('27405', 1)
('04649', 1)
('06239', 1)
('06824', 1)
('50455', 8)
('34142', 3)
('85301', 1)
('37924', 1)
('08086', 1)
('12601', 1)
('03810', 1)
('27511', 1)
('31639', 1)
('94705', 1)
('54495', 4)
('06419', 1)
('98855', 1)
('17327', 2)
('93653', 1)
('77023', 1)
('93257', 11)
('01801', 1)
('07730', 2)
('14169', 1)
('91950', 1)
('08648', 2)
('95425', 3)
('95432', 2)
('13630', 2)
('56560', 6)
('14067', 1)
('14036', 1)
('97038', 1)
('01310', 1)
('95341', 3)
('73130', 1)
('27248', 3)
('93933', 3)
('41071', 1)
('13101', 1)
('01901', 2)
('32340', 1)
('33566', 1)
('53530', 12)
('04666', 2)
('13158', 5)
('53121', 2)
('14478', 1)
('95988', 8)
('91724', 1)
('19148', 1)
('46740', 2)
('06378', 2)
('28805', 2)
('93465', 3)
('06415', 1)
('53506', 3)
('93252', 3)
('65329', 1)
('17815', 5)
('17038', 3)
('04041', 1)
('98103', 1)
('13849', 1)
('73012', 1)
('16148', 1)
('30066', 1)
('80528', 2)
('80117', 1)
('51041', 1)
('82210', 3)
('64730', 3)
('14847', 6)
('94903', 1)
('11012', 1)
('45066', 1)
('43081', 2)
('28457', 2)
('45858', 2)
('92342', 1)
('84660', 2)
('55060', 5)
('49022', 2)
('97327', 1)
('68310', 1)
('01085', 1)
('03779', 3)
('52031', 3)
('45152', 1)
('13673', 8)
('11101', 5)
('60502', 1)
('13619', 1)
('46571', 87)
('12482', 1)
('55328', 3)
('04256', 1)
('64089', 1)
('92704', 2)
('52806', 1)
('17605', 1)
('11218', 1)
('48847', 3)
('49412', 5)
('94602', 1)
('01475', 2)
('17835', 1)
('02760', 1)
('84414', 1)
('02630', 1)
('14826', 3)
('55110', 2)
('73135', 1)
('44903', 2)
('83616', 1)
('78501', 1)
('49453', 2)
('80726', 1)
('61729', 3)
('37743', 1)
('88005', 1)
('89169', 1)
('28398', 2)
('13471', 1)
('10958', 3)
('90034', 1)
('27807', 5)
('81230', 1)
('72823', 1)
('97405', 2)
('94129', 1)
('15658', 1)
('48622', 3)
('95965', 4)
('54004', 2)
('04776', 1)
('33137', 1)
('54725', 2)
('12090', 3)
('49079', 1)
('56378', 9)
('01071', 1)
('95382', 2)
('76209', 1)
('12052', 1)
('97918', 1)
('14841', 1)
('92563', 1)
('93930', 7)
('03868', 1)
('22443', 2)
('80516', 1)
('21722', 1)
('94805', 1)
('96703', 3)
('15010', 1)
('95628', 2)
('56152', 6)
('15550', 1)
('12035', 1)
('04280', 2)
('60108', 1)
('22630', 2)
('04443', 6)
('01778', 1)
('55027', 7)
('54467', 2)
('63110', 2)
('04605', 5)
('02536', 1)
('94402', 1)
('12547', 4)
('06244', 1)
('14125', 1)
('93012', 2)
('06410', 1)
('56573', 3)
('85043', 4)
('05086', 1)
('78620', 1)
('95490', 4)
('55449', 1)
('99709', 1)
('72762', 1)
('33569', 1)
('73093', 1)
('07930', 1)
('46052', 3)
('45005', 1)
('65236', 1)
('58102', 4)
('60087', 1)
('14706', 1)
('72703', 1)
('81122', 1)
('14818', 2)
('59486', 3)
('93428', 1)
('92649', 1)
('56437', 3)
('49815', 1)
('58104', 3)
('94806', 2)
('78640', 2)
('96067', 3)
('53965', 2)
('06111', 1)
('14895', 3)
('06525', 1)
('12047', 1)
('01863', 1)
('22304', 1)
('60639', 1)
('95514', 1)
('97115', 5)
('93461', 2)
('95333', 3)
('95369', 1)
('94301', 1)
('95323', 2)
('93673', 1)
('93239', 4)
('32053', 1)
('55336', 3)
('83661', 1)
('55904', 3)
('61559', 2)
('14809', 4)
('82053', 5)
('04221', 1)
('17972', 1)
('54721', 3)
('97374', 2)
('84116', 2)
('29331', 1)
('44264', 1)
('68825', 1)
('57066', 1)
('13032', 11)
('13342', 1)
('47356', 1)
('27536', 1)
('08858', 1)
('22714', 1)
('52402', 1)
('97070', 1)
('19551', 1)
('97371', 1)
('02330', 5)
('04624', 1)
('93032', 2)
('75783', 2)
('01588', 1)
('58494', 2)
('28451', 1)
('84624', 1)
('11971', 2)
('17512', 1)
('04428', 1)
('62249', 2)
('60447', 1)
('07072', 3)
('05492', 3)
('48105', 2)
('93608', 2)
('15531', 2)
('17772', 3)
('13104', 2)
('93103', 1)
('14225', 2)
('93234', 4)
('94539', 1)
('90013', 1)
('96064', 1)
('24938', 1)
('45786', 1)
('48843', 3)
('54524', 1)
('19063', 1)
('29432', 2)
('57266', 1)
('96048', 1)
('59530', 1)
('59824', 2)
('24531', 2)
('21017', 3)
('33155', 3)
('15101', 1)
('58073', 1)
('91206', 1)
('58482', 3)
('51050', 2)
('45242', 2)
('04479', 2)
('02767', 1)
('39840', 1)
('44839', 2)
('92807', 2)
('97499', 1)
('27876', 1)
('95619', 1)
('48176', 3)
('60150', 3)
('60628', 2)
('67566', 1)
('55929', 2)
('95637', 8)
('18066', 1)
('20653', 1)
('14424', 2)
('54874', 1)
('17006', 1)
('55340', 1)
('91780', 1)
('13618', 2)
('58045', 2)
('08701', 2)
('95826', 3)
('48726', 9)
('84020', 1)
('16242', 1)
('95304', 4)
('33027', 1)
('12474', 2)
('92117', 1)
('14869', 1)
('60010', 1)
('04073', 2)
('01256', 1)
('10523', 1)
('06026', 1)
('44512', 1)
('08028', 2)
('68776', 1)
('19460', 2)
('65667', 2)
('46507', 1)
('63555', 6)
('84627', 1)
('28054', 1)
('28690', 1)
('80222', 1)
('55917', 3)
('19567', 2)
('94601', 2)
('14784', 2)
('48867', 3)
('04787', 1)
('92008', 1)
('14471', 1)
('46714', 1)
('54628', 4)
('80207', 1)
('60046', 1)
('68924', 1)
('93704', 1)
('43344', 1)
('81432', 1)
('96112', 1)
('18949', 1)
('07801', 1)
('04038', 1)
('27543', 1)
('16602', 1)
('95122', 1)
('60954', 2)
('60163', 1)
('53543', 1)
('96755', 2)
('13037', 1)
('95351', 1)
('06482', 1)
('73084', 1)
('21911', 3)
('63961', 1)
('90045', 3)
('55069', 2)
('14741', 1)
('95969', 1)
('22902', 1)
('04609', 2)
('02747', 1)
('05660', 1)
('95068', 1)
('48444', 2)
('13650', 1)
('45246', 1)
('14013', 1)
('92549', 2)
('21136', 1)
('68786', 6)
('27283', 1)
('35401', 1)
('14775', 1)
('21838', 2)
('50452', 1)
('550', 1)
('78703', 4)
('06405', 1)
('55114', 2)
('49341', 2)
('54410', 9)
('92042', 1)
('91763', 1)
('91730', 4)
('30567', 2)
('39845', 1)
('02143', 1)
('55985', 3)
('07974', 1)
('22712', 1)
('39645', 1)
('92010', 1)
('59741', 3)
('04106', 1)
('61011', 3)
('94904', 1)
('16915', 2)
('04401', 1)
('19038', 1)
('55379', 1)
('49221', 2)
('68792', 1)
('27549', 5)
('07201', 1)
('58647', 1)
('05827', 1)
('21703', 1)
('04434', 1)
('30150', 1)
('95620', 8)
('74338', 1)
('18947', 2)
('18470', 1)
('14427', 1)
('24471', 2)
('72205', 1)
('12492', 1)
('15551', 1)
('27834', 1)
('97330', 2)
('01062', 2)
('51503', 3)
('65340', 2)
('72802', 2)
('18462', 1)
('07114', 2)
('90017', 2)
('53233', 1)
('14009', 1)
('14728', 5)
('15930', 1)
('12418', 1)
('15044', 1)
('49420', 2)
('93274', 3)
('55807', 1)
('45327', 1)
('60053', 1)
('98110', 1)
('95436', 2)
('13112', 2)
('54639', 32)
('59215', 1)
('81401', 4)
('74112', 1)
('07701', 1)
('95018', 1)
('52141', 3)
('14843', 1)
('04947', 2)
('60714', 1)
('34238', 1)
('98225', 1)
('94946', 7)
('14435', 2)
('12835', 1)
('93648', 4)
('60146', 1)
('21219', 1)
('90723', 2)
('28163', 2)
('12149', 1)
('85710', 1)
('12725', 1)
('01342', 1)
('03869', 1)
('98146', 1)
('17724', 1)
('32092', 1)
('96023', 3)
('48881', 3)
('48846', 1)
('43311', 4)
('27298', 2)
('17112', 1)
('77041', 2)
('93451', 4)
('73026', 1)
('92264', 1)
('07630', 1)
('12758', 1)
('19142', 1)
('80440', 1)
('80118', 1)
('44878', 11)
('95684', 1)
('92254', 6)
('54484', 3)
('16142', 1)
('56633', 1)
('45311', 1)
('02130', 1)
('07081', 1)
('72956', 2)
('48886', 1)
('94105', 1)
('14008', 1)
('95367', 3)
('97225', 1)
('13478', 1)
('04939', 1)
('04357', 2)
('59446', 1)
('87113', 1)
('40475', 1)
('50703', 2)
('27569', 2)
('70817', 1)
('11232', 7)
('96791', 2)
('55933', 2)
('55332', 1)
('12120', 1)
('11725', 2)
('78503', 1)
('90241', 2)
('97219', 1)
('01890', 2)
('93640', 2)
('61070', 2)
('44562', 1)
('12455', 2)
('06804', 1)
('01568', 1)
('02575', 1)
('02043', 1)
('59425', 3)
('28439', 1)
('20842', 1)
('10989', 1)
('97760', 2)
('03851', 1)
('15065', 1)
('95918', 1)
('97041', 1)
('14512', 1)
('53570', 1)
('51573', 2)
('01462', 1)
('68376', 2)
('59821', 2)
('24579', 1)
('06757', 1)
('11030', 2)
('04627', 1)
('04853', 1)
('56046', 1)
('55439', 1)
('48473', 2)
('69027', 2)
('28709', 1)
('43154', 1)
('89704', 1)
('60525', 2)
('95713', 2)
('84757', 1)
('30436', 1)
('95690', 1)
('04783', 1)
('44805', 28)
('20115', 1)
('95640', 1)
('06416', 2)
('55311', 1)
('94107', 1)
('33487', 1)
('28356', 2)
('48617', 17)
('90036', 2)
('22802', 2)
('47042', 1)
('61377', 1)
('27249', 1)
('92253', 1)
('27882', 2)
('53507', 2)
('44611', 1)
('06355', 1)
('19529', 2)
('07006', 2)
('72076', 1)
('02332', 1)
('14877', 1)
('76474', 1)
('89431', 2)
('10451', 2)
('70126', 1)
('53538', 4)
('03103', 1)
('66062', 1)
('04424', 1)
('94621', 1)
('52301', 1)
('44641', 3)
('18053', 1)
('29045', 1)
('48103', 4)
('45417', 1)
('14876', 1)
('12303', 1)
('16650', 1)
('49006', 1)
('01902', 2)
('82082', 9)
('13492', 1)
('23228', 1)
('54311', 2)
('27583', 1)
('92831', 2)
('96704', 9)
('04064', 1)
('06333', 1)
('87532', 2)
('84043', 2)
('14437', 1)
('95531', 3)
('76712', 1)
('77071', 1)
('24486', 1)
('61089', 3)
('48413', 2)
('04616', 2)
('54473', 2)
('07083', 2)
('72479', 1)
('04911', 1)
('84336', 4)
('04043', 1)
('96792', 3)
('97411', 1)
('48416', 17)
('66047', 2)
('21221', 2)
('90660', 2)
('13438', 2)
('01341', 1)
('13142', 1)
('33172', 2)
('71801', 1)
('01827', 1)
('02906', 1)
('04079', 1)
('01821', 1)
('60061', 1)
('44139', 2)
('61087', 1)
('48768', 3)
('44628', 3)
('56082', 3)
('96793', 2)
('01003', 1)
('14717', 1)
('18343', 1)
('06021', 1)
('31792', 1)
('02370', 1)
('04944', 1)
('55402', 2)
('93432', 2)
('28350', 1)
('54889', 2)
('87571', 2)
('93902', 2)
('49425', 3)
('93616', 1)
('80260', 1)
('92091', 1)
('08559', 2)
('97415', 1)
('12817', 1)
('01366', 1)
('94924', 3)
('53813', 5)
('18431', 2)
('01880', 1)
('11693', 1)
('59648', 1)
('93551', 1)
('50050', 2)
('28580', 2)
('01531', 1)
('04989', 2)
('01011', 1)
('94925', 1)
('28906', 1)
('94586', 2)
('33065', 2)
('75220', 1)
('93926', 5)
('21090', 1)
('72753', 1)
('17302', 2)
('93660', 2)
('78737', 2)
('92705', 1)
('04049', 1)
('33913', 2)
('07512', 3)
('12116', 1)
('48842', 1)
('04660', 1)
('23405', 1)
('59436', 4)
('55385', 1)
('73933', 2)
('54017', 3)
('13068', 1)
('53142', 2)
('13850', 1)
('29634', 1)
('53503', 3)
('54739', 4)
('54651', 9)
('96028', 2)
('93513', 1)
('93204', 2)
('65760', 1)
('93928', 1)
('26506', 1)
('54771', 7)
('53006', 1)
('54661', 4)
('54766', 8)
('54612', 18)
('54436', 12)
('54746', 2)
('54703', 1)
('53925', 3)
('54420', 5)
('54470', 4)
('54669', 2)
('54435', 6)
('53188', 2)
('55330', 1)
('43701', 1)
('49017', 2)
('68103', 1)
('53066', 3)
('90406', 1)
('24554', 1)
('11385', 2)
('23038', 1)
('85033', 1)
('81151', 2)
('54409', 4)
('81639', 1)
('92536', 1)
('54559', 1)
('92881', 1)
('81320', 1)
('54313', 3)
('02832', 1)
('55301', 1)
('77437', 12)
('95916', 1)
('54726', 2)
('95955', 8)
('92273', 1)
('92233', 1)
('95460', 1)
('95418', 1)
('94563', 1)
('92386', 1)
('95421', 1)
('95525', 3)
('77629', 2)
('93249', 1)
('96093', 1)
('94505', 2)
('99357', 1)
('95518', 2)
('90740', 1)
('56331', 5)
('24348', 1)
('27530', 1)
('81416', 1)
('58436', 4)
('97759', 1)
('28768', 1)
('93442', 1)
('85364', 1)
('95958', 2)
('97431', 1)
('02557', 1)
('96126', 1)
('95452', 2)
('89403', 2)
('93954', 1)
('53510', 3)
('93067', 1)
('46795', 20)
('95825', 1)
('81520', 1)
('93412', 2)
('83271', 1)
('04061', 1)
('19374', 2)
('98930', 1)
('17833', 2)
('99174', 1)
('31516', 1)
('53812', 1)
('22602', 1)
('92708', 1)
('16042', 1)
('44210', 1)
('93441', 2)
('54728', 6)
('95481', 1)
('96009', 1)
('02852', 1)
('95951', 1)
('93271', 2)
('95942', 2)
('95914', 1)
('02420', 1)
('46733', 1)
('56007', 4)
('92249', 1)
('89115', 1)
('96105', 1)
('57031', 1)
('95456', 1)
('95683', 1)
('81123', 1)
('96110', 1)
('93040', 2)
('97471', 1)
('85354', 1)
('19707', 1)
('97738', 1)
('96726', 5)
('96770', 1)
('92110', 1)
('44333', 1)
('94971', 4)
('95524', 1)
('88029', 1)
('95968', 1)
('17850', 1)
('93627', 1)
('95567', 1)
('96123', 1)
('19510', 2)
('44802', 1)
('95313', 1)
('96121', 1)
('54630', 1)
('12089', 2)
('53951', 2)
('48041', 1)
('88130', 6)
('04429', 1)
('03034', 1)
('69218', 1)
('51024', 1)
('96751', 1)
('97392', 1)
('96725', 5)
('59052', 1)
('97141', 1)
('28717', 1)
('81410', 1)
('05072', 1)
('74359', 1)
('96722', 1)
('21794', 1)
('25674', 2)
('54230', 6)
('33956', 1)
('14547', 1)
('68720', 2)
('28746', 1)
('13841', 1)
('24054', 1)
('27894', 1)
('97424', 1)
('37212', 1)
('05494', 4)
('02362', 1)
('59901', 2)
('04642', 1)
('59540', 1)
('49454', 3)
('96768', 2)
('45056', 1)
('13752', 1)
('13782', 1)
('07938', 2)
('12981', 1)
('53577', 3)
('56751', 1)
('58042', 1)
('59525', 1)
('80648', 1)
('13092', 3)
('81143', 1)
('04263', 1)
('48864', 1)
('16922', 1)
('81523', 1)
('87939', 1)
('87059', 2)
('87557', 3)
('70725', 1)
('03832', 1)
('66111', 1)
('14803', 2)
('17076', 1)
('59069', 1)
('91025', 1)
('13069', 1)
('49637', 1)
('27804', 1)
('04535', 1)
('05777', 1)
('16937', 1)
('59477', 1)
('87575', 1)
('18938', 1)
('97294', 1)
('54209', 1)
('59214', 3)
('94604', 1)
('18044', 1)
('58776', 1)
('46992', 2)
('45380', 2)
('18953', 1)
('44201', 1)
('97452', 1)
('18463', 1)
('05032', 1)
('68622', 1)
('49894', 1)
('48158', 2)
('64747', 1)
('68071', 1)
('14031', 2)
('14058', 1)
('06037', 1)
('56591', 1)
('54740', 2)
('04227', 2)
('97111', 1)
('85624', 1)
('59544', 1)
('87531', 1)
('87553', 1)
('83401', 1)
('87582', 1)
('50543', 1)
('49450', 1)
('96056', 1)
('18070', 1)
('18641', 1)
('18635', 1)
('03906', 1)
('47201', 1)
('81148', 1)
('74953', 1)
('56701', 1)
('88434', 1)
('87513', 1)
('87937', 1)
('02561', 1)
('48755', 1)
('87502', 1)
('88072', 2)
('96754', 2)
('05853', 1)
('67074', 1)
('90046', 1)
('27856', 3)
('27253', 2)
('59405', 2)
('84333', 1)
('59442', 5)
('12726', 1)
('80750', 1)
('44875', 3)
('88241', 1)
('63638', 1)
('44688', 1)
('78602', 2)
('04733', 1)
('88410', 1)
('12946', 1)
('12776', 1)
('03255', 1)
('96760', 1)
('87501', 2)
('21660', 1)
('96716', 1)
('96795', 1)
('87933', 1)
('87499', 2)
('17364', 1)
('63543', 2)
('74523', 1)
('73632', 1)
('65634', 1)
('02331', 1)
('40965', 1)
('53913', 2)
('53555', 2)
('54446', 2)
('54659', 4)
('53010', 4)
('54488', 2)
('53949', 2)
('53094', 4)
('53073', 2)
('61455', 2)
('46784', 2)
('79337', 1)
('49448', 2)
('13441', 1)
('47876', 1)
('28432', 1)
('51501', 1)
('07531', 1)
('42141', 1)
('80265', 1)
('23947', 5)
('54729', 4)
('95747', 1)
('29205', 1)
('50112', 1)
('52135', 1)
('47339', 5)
('42215', 1)
('63563', 4)
('54403', 1)
('64659', 2)
('66776', 3)
('28412', 1)
('64652', 1)
('57437', 1)
('48880', 3)
('44076', 2)
('44276', 3)
('31901', 1)
('46991', 1)
('11768', 1)
('03755', 2)
('53948', 1)
('78045', 1)
('60098', 1)
('33547', 1)
('65336', 1)
('45133', 15)
('46348', 1)
('14590', 2)
('78537', 1)
('82435', 2)
('64770', 2)
('33777', 1)
('49310', 16)
('52627', 1)
('23944', 1)
('33127', 2)
('23915', 1)
('44023', 1)
('46755', 1)
('33782', 1)
('43571', 1)
('20109', 1)
('52248', 1)
('79022', 2)
('54406', 3)
('61085', 2)
('45769', 2)
('16134', 4)
('32413', 1)
('67863', 5)
('49255', 2)
('50315', 1)
('50660', 1)
('29693', 2)
('43783', 1)
('50011', 2)
('43536', 1)
('79423', 1)
('47859', 7)
('44866', 6)
('50457', 2)
('49958', 1)
('96746', 1)
('33868', 1)
('44233', 1)
('64861', 3)
('59752', 2)
('80825', 1)
('45345', 1)
('51238', 2)
('40741', 1)
('05487', 3)
('47456', 1)
('54452', 7)
('67470', 2)
('03860', 1)
('29728', 2)
('49614', 1)
('59601', 3)
('13026', 1)
('42220', 5)
('56073', 1)
('50830', 5)
('60421', 1)
('05461', 1)
('78934', 1)
('55939', 16)
('54915', 1)
('68028', 3)
('56721', 1)
('59457', 4)
('13212', 1)
('14469', 1)
('46510', 1)
('61547', 1)
('46205', 1)
('48659', 1)
('33167', 1)
('60556', 1)
('28689', 1)
('78736', 1)
('77089', 1)
('46259', 1)
('48436', 1)
('44608', 2)
('68827', 2)
('39657', 1)
('47358', 2)
('46506', 4)
('49635', 2)
('46573', 3)
('52253', 2)
('25427', 1)
('49242', 4)
('60607', 1)
('56212', 1)
('41164', 1)
('51559', 2)
('49753', 1)
('44235', 9)
('64643', 1)
('63549', 7)
('40178', 1)
('50659', 2)
('70809', 1)
('33556', 1)
('14476', 1)
('61401', 1)
('64744', 7)
('30062', 1)
('40078', 3)
('34787', 2)
('17740', 1)
('39643', 2)
('50238', 1)
('48892', 1)
('95698', 3)
('49630', 1)
('53816', 5)
('52654', 3)
('95630', 1)
('00926', 1)
('30305', 1)
('27880', 3)
('69343', 1)
('26280', 1)
('32309', 1)
('27801', 1)
('67735', 2)
('55922', 4)
('58544', 1)
('59717', 1)
('77962', 1)
('58627', 3)
('05448', 1)
('62859', 1)
('55033', 2)
('50554', 1)
('30677', 2)
('17309', 2)
('50149', 6)
('43224', 2)
('65041', 1)
('97062', 1)
('27332', 1)
('32174', 1)
('54005', 2)
('69348', 1)
('48430', 1)
('28029', 1)
('31030', 1)
('53580', 3)
('05091', 2)
('20185', 1)
('81039', 1)
('49766', 4)
('19950', 2)
('67570', 1)
('23117', 1)
('56257', 1)
('80228', 1)
('29611', 1)
('49285', 1)
('52347', 1)
('61733', 1)
('56173', 1)
('52073', 3)
('57472', 2)
('48827', 4)
('67756', 2)
('49302', 1)
('47320', 1)
('34266', 2)
('68651', 2)
('40342', 2)
('68649', 1)
('33862', 1)
('48912', 1)
('59714', 4)
('50153', 1)
('65711', 4)
('52060', 4)
('65647', 1)
('30214', 1)
('48616', 1)
('33054', 1)
('43080', 3)
('47834', 1)
('80801', 1)
('50138', 2)
('49267', 1)
('52537', 44)
('45390', 1)
('59831', 1)
('45348', 1)
('14091', 1)
('50588', 1)
('56588', 1)
('72701', 1)
('52732', 2)
('03001', 1)
('45340', 1)
('49107', 1)
('46772', 4)
('43506', 1)
('48747', 2)
('52333', 1)
('43050', 4)
('55337', 2)
('33414', 1)
('52170', 2)
('14710', 1)
('66743', 1)
('33412', 2)
('43011', 2)
('54155', 1)
('56722', 2)
('45686', 4)
('58422', 1)
('40206', 1)
('52355', 2)
('59211', 1)
('07632', 1)
('64034', 1)
('05483', 2)
('65710', 1)
('53715', 1)
('68402', 2)
('47952', 2)
('39823', 2)
('54246', 1)
('44230', 1)
('48089', 1)
('46032', 1)
('31063', 2)
('66409', 1)
('32034', 1)
('54208', 2)
('56031', 1)
('37033', 1)
('54227', 1)
('47362', 1)
('46392', 1)
('52132', 2)
('28801', 1)
('16327', 1)
('48858', 4)
('44270', 1)
('53536', 2)
('50047', 1)
('30606', 1)
('55965', 3)
('16153', 2)
('31087', 2)
('59068', 1)
('27011', 1)
('27895', 1)
('60608', 3)
('65270', 3)
('47905', 1)
('32696', 1)
('52552', 5)
('27608', 1)
('46219', 1)
('42726', 1)
('42135', 1)
('59801', 2)
('31044', 1)
('66508', 2)
('28748', 3)
('55312', 1)
('56221', 2)
('34748', 1)
('75006', 1)
('65233', 1)
('29475', 1)
('77460', 2)
('30446', 1)
('66032', 1)
('44046', 1)
('03592', 2)
('44303', 1)
('78872', 1)
('79317', 1)
('50123', 1)
('24557', 2)
('49908', 1)
('05820', 1)
('28789', 1)
('68502', 1)
('68854', 4)
('50666', 1)
('53565', 7)
('61568', 2)
('49435', 1)
('12477', 1)
('54843', 1)
('50654', 1)
('50677', 1)
('49247', 2)
('25437', 1)
('58041', 1)
('16059', 1)
('52310', 2)
('98019', 1)
('56511', 1)
('34771', 1)
('66002', 1)
('61873', 1)
('55052', 1)
('49769', 3)
('39819', 2)
('28621', 2)
('43148', 1)
('56039', 1)
('24202', 1)
('49318', 1)
('68826', 2)
('64772', 4)
('49633', 1)
('52159', 3)
('46710', 1)
('03278', 2)
('58492', 2)
('61735', 1)
('62682', 1)
('55969', 4)
('27581', 2)
('54009', 2)
('51430', 1)
('52566', 1)
('44090', 4)
('44645', 1)
('46788', 3)
('68629', 1)
('63452', 1)
('69301', 2)
('68404', 1)
('22801', 1)
('57238', 1)
('56481', 1)
('61356', 1)
('77622', 1)
('31798', 1)
('58030', 1)
('64673', 2)
('18964', 1)
('01101', 1)
('62903', 1)
('02831', 1)
('59715', 3)
('52161', 1)
('55397', 1)
('66935', 1)
('51347', 3)
('48729', 3)
('51557', 1)
('40311', 3)
('55975', 2)
('33031', 2)
('44883', 1)
('77414', 3)
('33409', 1)
('43113', 2)
('62565', 2)
('46901', 2)
('52154', 1)
('50008', 1)
('51436', 1)
('49337', 3)
('61438', 1)
('44804', 1)
('55919', 1)
('47355', 3)
('27816', 2)
('66428', 1)
('64080', 1)
('65258', 1)
('60134', 1)
('57104', 1)
('27262', 1)
('60107', 1)
('33092', 1)
('32024', 1)
('45658', 1)
('52339', 4)
('30701', 1)
('33177', 1)
('39574', 2)
('50174', 3)
('61368', 1)
('27217', 2)
('54141', 2)
('32609', 1)
('46501', 1)
('29644', 1)
('32809', 1)
('29718', 1)
('66720', 1)
('78552', 1)
('49078', 1)
('41858', 1)
('05842', 1)
('37771', 1)
('33030', 1)
('52778', 1)
('33306', 1)
('88325', 1)
('07032', 1)
('24120', 1)
('61560', 1)
('43164', 1)
('10012', 1)
('47338', 1)
('46741', 1)
('80815', 2)
('66532', 2)
('68769', 3)
('45660', 1)
('59324', 1)
('32641', 1)
('68773', 1)
('65804', 1)
('33162', 1)
('47591', 2)
('44615', 4)
('48637', 1)
('32615', 2)
('56434', 1)
('57785', 1)
('62420', 1)
('60178', 1)
('44651', 2)
('56475', 1)
('45381', 5)
('43443', 1)
('72376', 1)
('50848', 1)
('66013', 1)
('56176', 1)
('50598', 2)
('49688', 2)
('22611', 1)
('32086', 1)
('50317', 2)
('42539', 7)
('56557', 2)
('37191', 2)
('85007', 1)
('59404', 2)
('60436', 1)
('28525', 1)
('24401', 2)
('54002', 6)
('55381', 2)
('47523', 1)
('53587', 3)
('64633', 1)
('60970', 1)
('53809', 5)
('48647', 5)
('22603', 1)
('50583', 1)
('55981', 2)
('27703', 1)
('50627', 1)
('65350', 2)
('56364', 1)
('66614', 1)
('61739', 3)
('68001', 2)
('44842', 4)
('32726', 2)
('16154', 2)
('71960', 1)
('47327', 1)
('53204', 1)
('29009', 1)
('95309', 1)
('23976', 1)
('52565', 1)
('44638', 3)
('68405', 1)
('59248', 1)
('49664', 1)
('47832', 2)
('50003', 2)
('40069', 1)
('46034', 1)
('48619', 1)
('68014', 1)
('80731', 1)
('27052', 1)
('69123', 1)
('03053', 1)
('03743', 2)
('08902', 1)
('62320', 1)
('33430', 1)
('48866', 1)
('56043', 1)
('53589', 3)
('59911', 2)
('56569', 1)
('30110', 1)
('54443', 2)
('61943', 1)
('85332', 1)
('05733', 1)
('57042', 2)
('66091', 1)
('77011', 1)
('52165', 1)
('54914', 1)
('52171', 2)
('27055', 2)
('55011', 1)
('45369', 1)
('51577', 2)
('43022', 1)
('48042', 1)
('32110', 2)
('52353', 2)
('52637', 1)
('03598', 1)
('53936', 2)
('67581', 1)
('50837', 1)
('59104', 1)
('50216', 1)
('46804', 1)
('59846', 1)
('52251', 1)
('23917', 1)
('03771', 2)
('56737', 1)
('66041', 1)
('51439', 1)
('50141', 1)
('67410', 1)
('44813', 4)
('43410', 2)
('02837', 1)
('59719', 1)
('33020', 1)
('30582', 1)
('14227', 1)
('50483', 2)
('57030', 3)
('52231', 2)
('70584', 1)
('44609', 1)
('64451', 1)
('50076', 1)
('50630', 2)
('91108', 1)
('49509', 1)
('32113', 1)
('81323', 1)
('42127', 1)
('50670', 1)
('43028', 2)
('00681', 1)
('47933', 3)
('83876', 1)
('67420', 1)
('82431', 1)
('29715', 1)
('05847', 1)
('50158', 1)
('33471', 1)
('54626', 2)
('82201', 4)
('28786', 1)
('55926', 1)
('30055', 1)
('49405', 2)
('61567', 2)
('40419', 2)
('52584', 5)
('90212', 1)
('29154', 1)
('56621', 1)
('27522', 1)
('44104', 1)
('42256', 1)
('50117', 1)
('60911', 4)
('12078', 1)
('57577', 1)
('58421', 3)
('59808', 2)
('72638', 2)
('70426', 2)
('60551', 1)
('56763', 1)
('57580', 1)
('50861', 1)
('64631', 4)
('44843', 1)
('57501', 2)
('64453', 1)
('63432', 4)
('14781', 2)
('27242', 1)
('54425', 3)
('30339', 1)
('25932', 1)
('29405', 2)
('67601', 1)
('14423', 2)
('61726', 1)
('32666', 1)
('52225', 1)
('57034', 1)
('65246', 1)
('60135', 1)
('52325', 1)
('24236', 1)
('40057', 1)
('14882', 1)
('64640', 1)
('54817', 2)
('50254', 1)
('80701', 1)
('51442', 1)
('30428', 1)
('82243', 2)
('56381', 1)
('29945', 1)
('17408', 1)
('58721', 1)
('57004', 1)
('53212', 1)
('19079', 1)
('61752', 3)
('72024', 1)
('52586', 2)
('57315', 2)
('55973', 1)
('10016', 1)
('33326', 1)
('49251', 1)
('53559', 2)
('64668', 1)
('54405', 3)
('77975', 1)
('38128', 1)
('57078', 1)
('56266', 1)
('58046', 1)
('65248', 1)
('64423', 1)
('24090', 1)
('56571', 3)
('60632', 1)
('54749', 1)
('26554', 1)
('16111', 1)
('51250', 5)
('94538', 1)
('50860', 1)
('51440', 1)
('68944', 1)
('28676', 1)
('10511', 1)
('53508', 2)
('97457', 1)
('52076', 1)
('24361', 1)
('50144', 1)
('46746', 2)
('49829', 1)
('48857', 1)
('40359', 1)
('57569', 1)
('65746', 2)
('68349', 1)
('60080', 1)
('90071', 1)
('64739', 1)
('33056', 1)
('46064', 1)
('51454', 1)
('68343', 1)
('03307', 2)
('50613', 1)
('59860', 3)
('43001', 1)
('52601', 1)
('45640', 1)
('60921', 1)
('61482', 1)
('31401', 1)
('54020', 1)
('34982', 1)
('34243', 2)
('33881', 1)
('59725', 1)
('95132', 1)
('44695', 1)
('65349', 1)
('49043', 2)
('39667', 4)
('43416', 2)
('78521', 1)
('43549', 1)
('43907', 2)
('50480', 1)
('48039', 1)
('28217', 1)
('28124', 1)
('27507', 1)
('61925', 1)
('47243', 1)
('05051', 1)
('43357', 3)
('57369', 1)
('57373', 1)
('50501', 2)
('82404', 1)
('05452', 1)
('55412', 1)
('64434', 1)
('55363', 1)
('30215', 2)
('33619', 1)
('24224', 1)
('57441', 1)
('46923', 2)
('30024', 1)
('61434', 1)
('48302', 1)
('05778', 1)
('34950', 1)
('68640', 1)
('65613', 1)
('55925', 1)
('80743', 1)
('49444', 1)
('25287', 1)
('45113', 1)
('69034', 1)
('45365', 1)
('64076', 1)
('40361', 2)
('56023', 1)
('99171', 1)
('30251', 1)
('30120', 1)
('33138', 1)
('51570', 1)
('60630', 1)
('64111', 1)
('98682', 1)
('42327', 1)
('53215', 1)
('34234', 1)
('63933', 1)
('57434', 1)
('52205', 1)
('59036', 1)
('58251', 1)
('13160', 1)
('72064', 1)
('33755', 1)
('54855', 1)
('43534', 1)
('10801', 1)
('54153', 2)
('59802', 1)
('53521', 4)
('27302', 2)
('82081', 2)
('55307', 1)
('48831', 3)
('62330', 1)
('68523', 1)
('30056', 1)
('56122', 1)
('52501', 1)
('59526', 1)
('59254', 2)
('44432', 1)
('49026', 1)
('51035', 1)
('27612', 1)
('40514', 1)
('58571', 1)
('48623', 1)
('40218', 2)
('58564', 1)
('40507', 1)
('51046', 1)
('23824', 1)
('11236', 1)
('45771', 1)
('80611', 2)
('55946', 4)
('56572', 2)
('45347', 1)
('28670', 1)
('03864', 1)
('43466', 1)
('77494', 1)
('60914', 2)
('63116', 1)
('03273', 1)
('45011', 1)
('45832', 1)
('84304', 1)
('56150', 1)
('57039', 1)
('48445', 1)
('49639', 1)
('48421', 1)
('87827', 1)
('28079', 1)
('33614', 1)
('57006', 1)
('53804', 2)
('49659', 1)
('70438', 1)
('13684', 2)
('51005', 1)
('46570', 2)
('68869', 1)
('62275', 1)
('54757', 1)
('47882', 1)
('48426', 5)
('45424', 1)
('05860', 1)
('31312', 1)
('80538', 1)
('68725', 1)
('35441', 1)
('33805', 1)
('68763', 2)
('56145', 2)
('53826', 2)
('37035', 1)
('44851', 3)
('85215', 1)
('65201', 1)
('46071', 1)
('44890', 1)
('07105', 1)
('62353', 2)
('60644', 1)
('72042', 1)
('53820', 1)
('30268', 2)
('49064', 1)
('45232', 1)
('68636', 3)
('50701', 1)
('43323', 1)
('68952', 1)
('68413', 1)
('22815', 1)
('28782', 1)
('76106', 1)
('32606', 1)
('68756', 2)
('12783', 1)
('61036', 1)
('79424', 2)
('54124', 1)
('55396', 2)
('58549', 1)
('63026', 1)
('39870', 1)
('52146', 1)
('98632', 1)
('49067', 1)
('53551', 1)
('49452', 1)
('72501', 1)
('47783', 1)
('49093', 1)
('49066', 1)
('46711', 3)
('68767', 2)
('56340', 1)
('61001', 1)
('22843', 1)
('59602', 1)
('42440', 1)
('51012', 2)
('58317', 1)
('68736', 2)
('51544', 1)
('42280', 1)
('30813', 1)
('85297', 1)
('49040', 2)
('55927', 1)
('49622', 1)
('05465', 1)
('48806', 2)
('68745', 1)
('49340', 1)
('40004', 1)
('77032', 1)
('46732', 1)
('49709', 1)
('49266', 1)
('53597', 2)
('10913', 1)
('65284', 1)
('51020', 2)
('30087', 1)
('22980', 2)
('44643', 1)
('87124', 1)
('49232', 2)
('60516', 1)
('68002', 2)
('96712', 1)
('50022', 1)
('44882', 1)
('03827', 1)
('42276', 1)
('57049', 1)
('34471', 1)
('49252', 1)
('17938', 1)
('27244', 1)
('80111', 1)
('54856', 1)
('49061', 1)
('55805', 1)
('33880', 2)
('43302', 1)
('55355', 3)
('64859', 1)
('43713', 1)
('51058', 1)
('97846', 1)
('54217', 2)
('17363', 1)
('49690', 1)
('07310', 2)
('52229', 1)
('69201', 2)
('50853', 1)
('70040', 1)
('36311', 1)
('50208', 1)
('48809', 1)
('95219', 1)
('49464', 1)
('55103', 1)
('50603', 1)
('56081', 1)
('30312', 1)
('68431', 1)
('42749', 1)
('44266', 1)
('40328', 1)
('40922', 1)
('48180', 1)
('51653', 1)
('96738', 1)
('44428', 3)
('53132', 1)
('05682', 1)
('32819', 1)
('53004', 2)
('37377', 1)
('44629', 1)
('13155', 1)
('59086', 1)
('47987', 1)
('45841', 1)
('12422', 1)
('43228', 1)
('45612', 1)
('24091', 1)
('36048', 1)
('10024', 1)
('68966', 1)
('68337', 1)
('46157', 1)
('32961', 1)
('67730', 1)
('49250', 1)
('65785', 1)
('94561', 1)
('46162', 1)
('61832', 1)
('58552', 2)
('80908', 1)
('46112', 1)
('54501', 1)
('72583', 1)
('33063', 1)
('49730', 1)
('03586', 1)
('61063', 1)
('44491', 1)
('48632', 1)
('55349', 1)
('59479', 1)
('33823', 1)
('48801', 1)
('05038', 2)
('55951', 1)
('95610', 1)
('50225', 1)
('51033', 1)
('65026', 1)
('24983', 1)
('46161', 1)
('65646', 3)
('44818', 1)
('58640', 1)
('40444', 1)
('48884', 1)
('10518', 1)
('48116', 2)
('32680', 1)
('68601', 1)
('11050', 1)
('62375', 1)
('68815', 2)
('60025', 1)
('27288', 1)
('27563', 1)
('68828', 1)
('27701', 1)
('50251', 2)
('32757', 1)
('44273', 2)
('13081', 1)
('49103', 1)
('68463', 1)
('33143', 1)
('32219', 1)
('64790', 1)
('52162', 1)
('78724', 1)
('41004', 1)
('16137', 1)
('59920', 1)
('24529', 2)
('49102', 1)
('81132', 1)
('59925', 1)
('42133', 1)
('10924', 1)
('68766', 3)
('59859', 1)
('54201', 3)
('32935', 1)
('05872', 1)
('23968', 1)
('45168', 1)
('58472', 1)
('12147', 1)
('40071', 2)
('68760', 1)
('33024', 1)
('07407', 1)
('77957', 1)
('32060', 2)
('72206', 1)
('42069', 1)
('48213', 1)
('49818', 1)
('75449', 1)
('78629', 1)
('64750', 1)
('44310', 1)
('66619', 1)
('37110', 1)
('45140', 1)
('68003', 1)
('59921', 1)
('77833', 1)
('17224', 1)
('42140', 1)
('46035', 1)
('32202', 1)
('88132', 1)
('69140', 1)
('03055', 1)
('28078', 1)
('36264', 1)
('63334', 1)
('62469', 2)
('58466', 1)
('30734', 1)
('45341', 1)
('45856', 1)
('78064', 1)
('55976', 1)
('89121', 1)
('32425', 1)
('77535', 2)
('40404', 1)
('54621', 8)
('54981', 2)
('78839', 1)
('59806', 1)
('54421', 3)
('49862', 1)
('53963', 5)
('53019', 2)
('54615', 10)
('54437', 11)
('54611', 2)
('54762', 1)
('53037', 1)
('54750', 1)
('54112', 1)
('54601', 3)
('54653', 5)
('53059', 1)
('54515', 4)
('49858', 2)
('53027', 1)
('53502', 1)
('54011', 1)
('54962', 1)
('54424', 3)
('54205', 1)
('54456', 2)
('54635', 1)
('54937', 2)
('54945', 1)
('54644', 1)
('53964', 2)
('58105', 1)
('49534', 1)
('91362', 1)
('10119', 1)
('31733', 1)
('72137', 1)
('44610', 1)
('05839', 1)
('62684', 1)
('46703', 1)
('61274', 1)
('47922', 1)
('03874', 1)
('63822', 1)
('05675', 1)
('05154', 1)
('05156', 1)
('46036', 1)
('38756', 1)
('62887', 2)
('63536', 1)
('53103', 1)
('54610', 4)
('54736', 4)
('54624', 2)
('79013', 1)
('62016', 1)
('03590', 1)
('54216', 1)
('54971', 2)
('53946', 1)
('53057', 1)
('53932', 1)
('53078', 1)
('53137', 1)
('53014', 1)
('54968', 1)
('53954', 4)
('54460', 1)
('54646', 1)
('53922', 2)
('54848', 2)
('53065', 1)
